METHODOLOGY;ALGORITHM;FORMULA;PNAME;PDESC;UNIT;RSTART;REND;STEP;DVALUE;TYPE;TYPE2;SORTA;SORTM;CONT
METHOD4;ALL;;;;;;;;;;;;;
METHOD4;ALGORITHM4_1;ALL;;;;;;;;;;;;
METHOD4;ALGORITHM4_1;FORMULA_4_1_1;Coordinates.LonFirst;Longitude of the first object;radians;-180.0000000;180.0000000;0.0000001;35.8008955;IM;IM;;;INPUT
METHOD4;ALGORITHM4_1;FORMULA_4_1_1;Coordinates.LatFirst;Latitude of the first object;radians;-90.0000000;90.0000000;0.0000001;0.4400018;IM;IM;;;INPUT
METHOD4;ALGORITHM4_1;FORMULA_4_1_1;Coordinates.LonSecond;Longitude of the second object;radians;-180.0000000;180.0000000;0.0000001;35.8055039;IM;IM;;;INPUT
METHOD4;ALGORITHM4_1;FORMULA_4_1_1;Coordinates.LatSecond;Latitude of the second object;radians;-90.0000000;90.0000000;0.0000001;0.4263895;IM;IM;;;INPUT
METHOD4;ALGORITHM4_1;FORMULA_4_1_2;Files.ListOfObjects;Filename with list of objects and their coordinates;filename;0.0000000;100.0000000;1.0000000;coordinates.csv;ID;ID;;;INPUT
METHOD4;ALGORITHM4_2;ALL;;;;;;;;;;;;
METHOD4;ALGORITHM4_2;FORMULA_4_2_1;Files.ListOfObjects;Filename with list of objects and their coordinates and required bandwidth ;filename;0.0000000;100.0000000;1.0000000;coordinates.csv;ID;IM;;;INPUT
METHOD4;ALGORITHM4_2;FORMULA_4_2_1;Files.DistanceMatrix;Filename with matrix of distances between objects;filename;0.0000000;100.0000000;1.0000000;distances.csv;ID;ID;;;INPUT
METHOD4;ALGORITHM4_2;FORMULA_4_2_1;InitialDataFOCL.LaborCostNormGeo;Labor cost norms for geodetic work along FOCL route between localities (communities);hour/km;0;1000;1;20;ID;ID;;;
METHOD4;ALGORITHM4_2;FORMULA_4_2_1;InitialDataFOCL.CostNormGeo;Cost norms for  geodetic work along object route;currency unit/hour;0;1000;10;100;ID;ID;;;
METHOD4;ALGORITHM4_2;FORMULA_4_2_1;InitialDataFOCL.CostNormFOCLinst;Cost of one km FOCL installation;currency unit/km;0;1000;10;100;ID;ID;;;
METHOD4;ALGORITHM4_2;FORMULA_4_2_1;InitialDataFOCL.LaborCostNormHDD;Labor cost norms for roads crossings construction by horizontal directional drilling;hour/km;0;1000;1;20;ID;ID;;;
METHOD4;ALGORITHM4_2;FORMULA_4_2_1;InitialDataFOCL.CostNormHDD;Cost norms for roads crossings construction by horizontal directional drilling;currency unit/hour;0;1000;10;100;ID;ID;;;
METHOD4;ALGORITHM4_2;FORMULA_4_2_1;Intermediate.FOCLSectionLengthCD;The average FOCL sections length requiring the construction of cable ducts;km;0;1000;1;20;ID;ID;;;
METHOD4;ALGORITHM4_2;FORMULA_4_2_1;InitialDataFOCL.LaborCostNormCDC;Labor cost norms for cable duct construction;hour/km;0;1000;1;20;ID;ID;;;
METHOD4;ALGORITHM4_2;FORMULA_4_2_1;InitialDataFOCL.CostNormCDC;Cost norms for cable duct construction;currency unit/hour;0;1000;10;100;ID;ID;;;
METHOD4;ALGORITHM4_2;FORMULA_4_2_1;InitialDataFOCL.CostNormMaterialsCD;Cost of basic materials for one km cable duct (pipe) construction;currency unit/km;0;1000;10;100;ID;ID;;;
METHOD4;ALGORITHM4_2;FORMULA_4_2_1;Intermediate.FOCLSectionLengthCLM;The average FOCL sections length requiring cable-laying machine;km;0;1000;1;20;ID;ID;;;
METHOD4;ALGORITHM4_2;FORMULA_4_2_1;InitialDataFOCL.LaborCostNormLC;Labor cost norms for FOCL laying by cable layer ;hour/km;0;1000;1;20;ID;ID;;;
METHOD4;ALGORITHM4_2;FORMULA_4_2_1;InitialDataFOCL.CostNormLC;Cost norms for FOCL laying by cable layer;currency unit/hour;0;1000;10;100;ID;ID;;;
METHOD4;ALGORITHM4_2;FORMULA_4_2_1;InitialDataFOCL.CostNormMaterialsCMh;Cost of basic materials for one km cable manhole;current unit/unit;0;10000;10;200;ID;ID;;;
METHOD4;ALGORITHM4_2;FORMULA_4_2_1;InitialDataFOCL.LaborCostNormCMh;"Labor cost norms for cable manhole construction 
including FOC installation";hour/unit;0;1000;10;100;ID;ID;;;
METHOD4;ALGORITHM4_2;FORMULA_4_2_1;InitialDataFOCL.CostNormCMh;Cost norms for cable manhole construction;currency unit/hour;0;1000;10;100;ID;ID;;;
METHOD4;ALGORITHM4_2;FORMULA_4_2_1;InitialDataFOCL.CostNormCC1km;Cost of cable coupling;current unit/unit;0;10000;10;200;ID;ID;;;
METHOD4;ALGORITHM4_2;FORMULA_4_2_1;InitialDataFOCL.LaborCostNormCCI;Labor cost norms for cable couplings installation;hour/unit;0;1000;10;100;ID;ID;;;
METHOD4;ALGORITHM4_2;FORMULA_4_2_1;InitialDataFOCL.CostNormCCI;Cost norms for cable couplings installation;currency unit/hour;0;1000;10;100;ID;ID;;;
METHOD4;ALGORITHM4_2;FORMULA_4_2_1;InitialDataFOCL.LaborCostNormST;Labor cost norms for signaling test along the route ;hour/km;0;1000;1;20;ID;ID;;;
METHOD4;ALGORITHM4_2;FORMULA_4_2_1;InitialDataFOCL.CostNormST;Cost norms for signaling test along the route;currency unit/hour;0;1000;10;100;ID;ID;;;
METHOD4;ALGORITHM4_2;FORMULA_4_2_1;InitialDataFOCL.LaborCostNormTS;Labor cost norms for technical specifications design;hours;0;100;1;10;ID;ID;;;
METHOD4;ALGORITHM4_2;FORMULA_4_2_1;InitialDataFOCL.CostNormTS;Cost norms for technical specifications design;currency unit/hour;0;1000;10;100;ID;ID;;;
METHOD4;ALGORITHM4_2;FORMULA_4_2_1;InitialDataFOCL.LaborCostNormSC;Labor cost norms for design solutions coordination;hours;0;100;1;10;ID;ID;;;
METHOD4;ALGORITHM4_2;FORMULA_4_2_1;InitialDataFOCL.CostNormSC;Cost norms for design solutions coordination;currency unit/hour;0;1000;10;100;ID;ID;;;
METHOD4;ALGORITHM4_2;FORMULA_4_2_1;InitialDataFOCL.CostMatCableGlands;Cost of ODF including materials for the organization of cable glands;currency unit per piece;0;1000;10;100;ID;ID;;;
METHOD4;ALGORITHM4_2;FORMULA_4_2_1;InitialDataFOCL.LaborCostNormODF;Labor cost norms ODF installation, including materials for the organization of cable glands;hour/unit;0;1000;10;100;ID;ID;;;
METHOD4;ALGORITHM4_2;FORMULA_4_2_1;InitialDataFOCL.CostNormODFinst;Cost norms ODF installation, including   organization of cable glands;currency unit/hour;0;1000;10;100;ID;ID;;;
METHOD4;ALGORITHM4_2;FORMULA_4_2_1;InitialDataFOCL.AnnualLaborNormFOCLm;Typical annual labor cost for FOCL maintenance along route ;hour/km;0;1000;1;20;ID;ID;;;
METHOD4;ALGORITHM4_2;FORMULA_4_2_1;InitialDataFOCL.CostNormFOCLm;Typical cost for FOCL maintenance;currency unit/hour;0;1000;10;100;ID;ID;;;
METHOD4;ALGORITHM4_2;FORMULA_4_2_1;InitialDataFOCL.AnnualLaborNormCDm;Typical annual labor cost for cable duct maintenance;hour/km;0;1000;1;20;ID;ID;;;
METHOD4;ALGORITHM4_2;FORMULA_4_2_1;InitialDataFOCL.CostNormCDm;Typical cost for cable duct maintenance;currency unit/hour;0;1000;10;100;ID;ID;;;
METHOD4;ALGORITHM4_2;FORMULA_4_2_1;InitialDataFOCL.NumberBEF;Number of building entrance facilities;unit (pcs);1;10;1;2;ID;ID;;;
METHOD4;ALGORITHM4_2;FORMULA_4_2_1;InitialDataFOCL.AnnualLaborNormBEFm;Typical annual labor cost for maintenance of building entrance facilities ;hour/unit;0;1000;10;100;ID;ID;;;
METHOD4;ALGORITHM4_2;FORMULA_4_2_1;InitialDataFOCL.CostNormBEFm;Typical cost for maintenance of building entrance facilities ;currency unit/hour;0;1000;10;100;ID;ID;;;
METHOD4;ALGORITHM4_2;FORMULA_4_2_1;InitialDataFOCL.NumberODF;Number of Fiber optic patch panels  (ODF);unit (pcs);1;10;1;2;ID;ID;;;
METHOD4;ALGORITHM4_2;FORMULA_4_2_1;InitialDataFOCL.AnnualLaborNormODFm;Typical annual labor cost for ODF maintenance;hour/unit;0;1000;10;100;ID;ID;;;
METHOD4;ALGORITHM4_2;FORMULA_4_2_1;InitialDataFOCL.CostNormODFm;Typical cost for ODF maintenance;currency unit/hour;0;1000;10;100;ID;ID;;;
METHOD4;ALGORITHM4_2;FORMULA_4_2_1;InitialDataRadio.MaxCapOfChannel;Maximum data transfer rate for radiochannel;Mbps;0;100;1;50;ID;ID;;;
METHOD4;ALGORITHM4_2;FORMULA_4_2_1;InitialDataRadio.ReliefCoef;Evolution coefficient of retransmission path length depending on the relief ;-;0;1;0.1;0.6;ID;ID;;;
METHOD4;ALGORITHM4_2;FORMULA_4_2_1;InitialDataRadio.RetransmissionLength;Retransmission path length by selected technology;km;0;1000;1;15;ID;ID;;;
METHOD4;ALGORITHM4_2;FORMULA_4_2_1;InitialDataRadio.RTSDevicesCost;Internal RTS devices subassembly cost ;currency unit/unit;0;10000;100;1000;ID;ID;;;
METHOD4;ALGORITHM4_2;FORMULA_4_2_1;InitialDataRadio.NumberOfTerminals;Number of terminal RTS by selected technology;unit;0;10;1;2;ID;ID;;;
METHOD4;ALGORITHM4_2;FORMULA_4_2_1;InitialDataRadio.AFDCost;Internal RTS antenna feeder devices subassembly cost;currency unit/unit;0;10000;100;1000;ID;ID;;;
METHOD4;ALGORITHM4_2;FORMULA_4_2_1;InitialDataRadio.PylonCost;Main material cost for one RTS pylon construction ;currency unit/unit;0;10000;100;1000;ID;ID;;;
METHOD4;ALGORITHM4_2;FORMULA_4_2_1;InitialDataRadio.GeoPylonCost;Cost norms for geodetic work at RTS pylon location;currency unit/hour;0;1000;10;100;ID;ID;;;
METHOD4;ALGORITHM4_2;FORMULA_4_2_1;InitialDataRadio.LaborNormsGeoPylon;Labor cost norms for geodetic work at RTS pylon location ;hour/unit;0;1000;10;100;ID;ID;;;
METHOD4;ALGORITHM4_2;FORMULA_4_2_1;InitialDataRadio.PylonConstractionCost;Cost norms for one pylon construction of RTS antenna feeder devices;currency unit/hour;0;1000;10;100;ID;ID;;;
METHOD4;ALGORITHM4_2;FORMULA_4_2_1;InitialDataRadio.LaborNormsPylon;Labor cost norms for pylon construction of RTS antenna feeder devices;hour/unit;0;1000;10;100;ID;ID;;;
METHOD4;ALGORITHM4_2;FORMULA_4_2_1;InitialDataRadio.CostNormsAFD;Cost norms for antenna feeder devices installation and commissioning for one RTS;currency unit/hour;0;1000;10;100;ID;ID;;;
METHOD4;ALGORITHM4_2;FORMULA_4_2_1;InitialDataRadio.LaborNormsAFDinst;Labor cost norms for antenna feeder devices installation and commissioning ;hour/unit;0;1000;10;100;ID;ID;;;
METHOD4;ALGORITHM4_2;FORMULA_4_2_1;InitialDataRadio.CostAFDinst;Cost norms for internal devices installation and commissioning for one RTS;currency unit/hour;0;1000;10;100;ID;ID;;;
METHOD4;ALGORITHM4_2;FORMULA_4_2_1;InitialDataRadio.LaborNormsInternalRTS;Labor cost norms for internal RTS devices installation and commissioning ;hour/unit;0;1000;10;100;ID;ID;;;
METHOD4;ALGORITHM4_2;FORMULA_4_2_1;InitialDataRadio.CostDesing;Cost norms for design solutions coordination on one RTS construction;currency unit/hour;0;1000;10;100;ID;ID;;;
METHOD4;ALGORITHM4_2;FORMULA_4_2_1;InitialDataRadio.LaborNormsDesign;Labor cost norms for design solutions coordination on RTS construction;hour/unit;0;1000;10;100;ID;ID;;;
METHOD4;ALGORITHM4_2;FORMULA_4_2_1;InitialDataRadio.AnnualLaborPylon;Typical annual labor cost for RTS pylon maintenance;hour/unit;0;1000;10;100;ID;ID;;;
METHOD4;ALGORITHM4_2;FORMULA_4_2_1;InitialDataRadio.CostLaborPylonm;Typical cost for one RTS pylon maintenance;currency unit/hour;0;1000;10;100;ID;ID;;;
METHOD4;ALGORITHM4_2;FORMULA_4_2_1;InitialDataRadio.NumberOfTerminals;Number of terminal RTS by selected technology;unit;0;10;1;2;ID;ID;;;
METHOD4;ALGORITHM4_2;FORMULA_4_2_1;InitialDataRadio.AnnualLaborAFD;Typical annual labor cost for antenna feeder devices maintenance ;hour/unit;0;1000;10;100;ID;ID;;;
METHOD4;ALGORITHM4_2;FORMULA_4_2_1;InitialDataRadio.CostLaborAFDm;Typical cost for antenna feeder devices maintenance for one RTS ;currency unit/hour;0;1000;10;100;ID;ID;;;
METHOD4;ALGORITHM4_2;FORMULA_4_2_1;InitialDataRadio.AnnualLaborRTS;Typical annual labor cost for internal RTS devices maintenance;hour/unit;0;1000;10;100;ID;ID;;;
METHOD4;ALGORITHM4_2;FORMULA_4_2_1;InitialDataRadio.CostLaborRTSm;Typical cost for internal RTS devices maintenance;currency unit/hour;0;1000;10;100;ID;ID;;;
METHOD4;ALGORITHM4_2;FORMULA_4_2_1;PVOptionSet.ProfitTax;Corporate tax rate;%;0;100;1;17;ID;ID;;;
METHOD4;ALGORITHM4_2;FORMULA_4_2_1;AccessTechnologyOptionSet.AvrLifeTimeOfEqAndMat;Average lifetime of the equipment and materials;year;1;50;1;5;ID;ID;;;
METHOD4;ALGORITHM4_2;FORMULA_4_2_1;PVOptionSet.DiscountRate;Discount Rate;%;1;100;1;11;ID;ID;;;
METHOD4;ALGORITHM4_2;FORMULA_4_2_1;PVOptionSet.PaybackPeriod;Period of Investment Payback;year;1;50;1;2;ID;ID;;;
METHOD4;ALGORITHM4_2;FORMULA_4_2_2;Files.ListOfObjects;Filename with list of objects and their coordinates and required bandwidth ;filename;0.0000000;100.0000000;1.0000000;coordinates.csv;IM;IM;;;INPUT
METHOD4;ALGORITHM4_2;FORMULA_4_2_2;Files.NPVMatrix;Filename with matrix of NPV between objects;filename;0.0000000;100.0000000;1.0000000;npv.csv;ID;ID;;;INPUT
METHOD4;ALGORITHM4_2;FORMULA_4_2_2;InitialDataSatelite.ChannelCapacity;Communication channel capacity per single satellite Internet channel;Mbps;0;100;1;5;ID;ID;;;
METHOD4;ALGORITHM4_2;FORMULA_4_2_2;InitialDataSatelite.CostOfOneVSAT;Cost of VSAT set;currency unit/unit;0;10000;100;1000;ID;ID;;;
METHOD4;ALGORITHM4_2;FORMULA_4_2_2;InitialDataSatelite.CostOfOneVSATmat;Cost of basic materials for VSAT installation;currency unit/unit;0;10000;100;1000;ID;ID;;;
METHOD4;ALGORITHM4_2;FORMULA_4_2_2;InitialDataSatelite.CostOfInstallVSAT;Typical cost of installation and configuration of one VSAT set;currency unit/hour;0;1000;10;100;ID;ID;;;
METHOD4;ALGORITHM4_2;FORMULA_4_2_2;InitialDataSatelite.LaborOfInstallVSAT;Labor cost for installation and configuration of VSAT sets;hour/unit;0;1000;10;100;ID;ID;;;
METHOD4;ALGORITHM4_2;FORMULA_4_2_2;InitialDataSatelite.AnnualLaborOfServiceVSAT;Typical annual labor costs for the service of antenna-feeder devices;hour/unit;0;1000;10;100;ID;ID;;;
METHOD4;ALGORITHM4_2;FORMULA_4_2_2;InitialDataSatelite.CostOfServiceVSAT;Typical cost of one VSAT set maintenance;currency unit/hour;0;1000;10;100;ID;ID;;;
METHOD4;ALGORITHM4_2;FORMULA_4_2_2;InitialDataSatelite.AnnualRentBand;Annual rent cost of 1 Mbps channel ;currency unit/year;0;1000;1;100;ID;ID;;;
METHOD4;ALGORITHM4_2;FORMULA_4_2_2;PVOptionSet.DiscountRate;Discount Rate;%;1;100;1;11;IM;IM;;;
METHOD4;ALGORITHM4_2;FORMULA_4_2_2;PVOptionSet.PaybackPeriod;Period of Investment Payback;year;1;50;1;2;IM;IM;;;
