OBJECTNAME;LON;LAT;RB;DTF;COV;REGION
876ad8b9cffffff;30.348167;-1.928646;110;9,48;2G;RWA
876adc29effffff;29.942596;-1.5068946;75;13,88;3G;RWA
876ad9ca1ffffff;30.847826;-2.1345155;54;29,47;2G;RWA
876ad8985ffffff;29.956371;-1.7081594;77;6,9;2G;RWA
876ada860ffffff;29.637497;-2.6386037;68;11,47;3G;RWA
876ad8d75ffffff;29.808762;-1.821222;48;18,13;3G;RWA
876ade3aaffffff;29.289951;-2.2376947;50;7,91;3G;RWA
876addc84ffffff;30.289984;-1.1640553;0;44,72;3G;RWA
876adeb55ffffff;29.411352;-1.7208526;55;7,77;3G;RWA
876ad805bffffff;30.35659;-2.2510016;88;20,47;3G;RWA
876adc694ffffff;29.553017;-1.7280042;83;11,38;2G;RWA
876adeb0cffffff;29.32975;-1.6966518;322;6,95;2G;RWA
876adc6a0ffffff;29.604284;-1.650301;59;13,59;3G;RWA
876ade059ffffff;29.210278;-2.17322;8;6,85;3G;RWA
876adeb54ffffff;29.387741;-1.7196596;102;9,39;3G;RWA
876adc24effffff;30.246052;-1.3418695;83;28,92;2G;RWA
876ad8cdeffffff;29.825315;-2.2042558;85;4,54;2G;RWA
876ada804ffffff;29.469557;-2.6705456;60;6,97;2G;RWA
876ad8b65ffffff;30.608284;-1.6806046;6;27,21;2G;RWA
876adc769ffffff;29.864985;-1.4028133;74;27,16;2G;RWA
876ad8ca3ffffff;29.67659;-2.0960956;67;6,95;2G;RWA
876ad8a90ffffff;30.376965;-2.0708427;50;14,4;2G;RWA
876adc29cffffff;29.955372;-1.4874954;63;13,59;3G;RWA
876adc66effffff;29.893448;-1.544515;43;11,23;3G;RWA
876ade769ffffff;29.23637;-2.355936;11;11,88;3G;RWA
876ad8c42ffffff;29.916998;-2.0276937;52;15,96;2G;RWA
876add42dffffff;30.51427;-1.4153657;27;19,54;2G;RWA
876add526ffffff;30.34412;-1.2667507;70;32,17;2G;RWA
876ad89a0ffffff;29.934732;-1.6669346;76;2,63;2G;RWA
876adc6daffffff;29.774332;-1.7994019;51;18,13;3G;RWA
876adc44affffff;29.507238;-1.4649245;43;12,03;2G;RWA
876adc621ffffff;29.717512;-1.5156128;57;7,89;2G;RWA
876ade208ffffff;29.47719;-2.287468;23;24,78;3G;RWA
876ad826cffffff;30.78233;-2.272179;74;18,44;2G;RWA
876addc0affffff;30.435047;-1.0914042;46;51,18;3G;RWA
876ad8112ffffff;30.033232;-2.0737655;45;24,76;2G;RWA
876ade380ffffff;29.253418;-2.2559974;34;4,54;2G;RWA
876adc761ffffff;29.807032;-1.3798697;90;23,12;2G;RWA
876ad895effffff;30.183521;-1.6593574;63;18,27;3G;RWA
876ad808dffffff;30.152615;-2.3012555;5;2,64;2G;RWA
876adc698ffffff;29.621832;-1.771636;126;15,69;2G;RWA
876adc61effffff;29.6879;-1.6344502;67;5,18;3G;RWA
876adeac5ffffff;29.446283;-1.9637575;59;11,39;2G;RWA
876ad9d91ffffff;30.731487;-2.0885026;11;22,18;2G;RWA
876adc7aaffffff;29.573946;-1.5484748;66;7,76;2G;RWA
876adc70bffffff;29.695927;-1.474439;100;6,89;2G;RWA
876ade049ffffff;29.259668;-2.135442;52;11,88;2G;RWA
876ade798ffffff;28.915812;-2.5818522;81;9,35;2G;RWA
876ad8968ffffff;30.24731;-1.5622799;105;17,22;3G;RWA
876ad9c33ffffff;30.875093;-2.0554094;1;36,53;2G;RWA
876ada8f6ffffff;29.474226;-2.812301;56;17,06;3G;RWA
876ad8963ffffff;30.20013;-1.5599148;42;15,77;3G;RWA
876ad890dffffff;30.10383;-1.5951861;71;6,9;2G;RWA
876ad8974ffffff;30.12936;-1.5563651;24;7,89;3G;RWA
876adc6aeffffff;29.638681;-1.6721028;102;11,91;3G;RWA
876ad8070ffffff;30.278587;-2.1464248;23;23,19;2G;RWA
876adeb46ffffff;29.424183;-1.7014242;3;5,18;3G;RWA
876ad832cffffff;30.540546;-2.119241;174;6,84;2G;RWA
876ad8ca2ffffff;29.652943;-2.0949047;51;9,49;2G;RWA
876adeb4dffffff;29.51862;-1.7061921;95;6,9;2G;RWA
876ade71bffffff;29.01696;-2.4658527;69;4,55;2G;RWA
876ad8119ffffff;30.127796;-2.078504;111;22,39;2G;RWA
876ad880affffff;30.154127;-1.7783098;73;27,26;2G;RWA
876adc610ffffff;29.653505;-1.6126549;82;6,94;3G;RWA
876ad8ac3ffffff;30.602434;-2.061968;55;15,55;3G;RWA
876ad8ce4ffffff;29.820456;-2.063083;82;4,54;2G;RWA
876ad800affffff;30.216585;-2.2037277;39;13,82;2G;RWA
876ad8d82ffffff;29.586061;-2.0110412;66;10,38;2G;RWA
876ad8d49ffffff;29.935713;-1.8878827;71;22,95;2G;RWA
876adc693ffffff;29.574602;-1.7692546;85;16,27;2G;RWA
876ade2f4ffffff;29.425747;-2.3655174;75;20,77;3G;RWA
876ad85a4ffffff;29.640827;-2.3360386;69;9,5;3G;RWA
876ad8964ffffff;30.178467;-1.5187385;45;13,87;3G;RWA
876adea03ffffff;29.368723;-1.8593137;83;4,47;3G;RWA
876adea04ffffff;29.347166;-1.8180338;33;8,94;3G;RWA
876add4c1ffffff;30.552094;-1.6176308;13;18,36;2G;RWA
876ad8b94ffffff;30.290064;-1.9056435;85;16,42;2G;RWA
876ad8d6dffffff;29.916033;-1.8065273;40;13,65;2G;RWA
876ad8385ffffff;30.425661;-2.2947366;0;17,05;3G;RWA
876ad8b8affffff;30.395414;-1.9310067;139;4,54;2G;RWA
876ad856effffff;29.941622;-2.250386;77;17,28;3G;RWA
876ad881affffff;30.104963;-1.8160104;77;27,22;2G;RWA
876ad80eaffffff;30.28371;-2.287656;88;17,27;3G;RWA
876ad88b6ffffff;29.937681;-1.8477926;50;18,62;2G;RWA
876add4deffffff;30.513899;-1.6758913;9;18,78;3G;RWA
876ad8c14ffffff;29.704254;-2.0169961;50;6,91;2G;RWA
876ad84d0ffffff;29.852772;-2.6090271;75;12,08;3G;RWA
876ad8248ffffff;30.80232;-2.3537524;29;22,93;2G;RWA
876adea08ffffff;29.415972;-1.8617014;76;6,91;3G;RWA
876adeaf1ffffff;29.399017;-1.9613695;54;7,78;2G;RWA
876adeb25ffffff;29.286682;-1.614197;7;11,24;3G;RWA
876adea56ffffff;29.450384;-1.883539;61;9,48;3G;RWA
876add588ffffff;30.345467;-1.4870317;8;9,38;3G;RWA
876adc654ffffff;29.807896;-1.6003709;49;9,38;2G;RWA
876adeae5ffffff;29.437546;-1.9029927;58;7,9;2G;RWA
876ad8422ffffff;29.804518;-2.3846033;79;6,92;3G;RWA
876ade610ffffff;29.02349;-2.5671341;263;13,73;2G;RWA
876ad8cd4ffffff;29.78;-2.1616986;82;6,85;2G;RWA
876add558ffffff;30.55056;-1.39716;20;23,75;2G;RWA
876ad8b45ffffff;30.6173;-1.7412474;6;24,72;2G;RWA
876ad805affffff;30.332935;-2.2498212;2;22,87;3G;RWA
876ade381ffffff;29.27708;-2.2571955;6;6,96;3G;RWA
876ad8196ffffff;29.93275;-2.1895103;112;16,43;2G;RWA
876ad8869ffffff;30.346817;-1.7076654;90;18,58;2G;RWA
876ad836bffffff;30.727808;-2.1688051;64;15,9;3G;RWA
876adc2c1ffffff;30.145985;-1.4569955;17;14,43;3G;RWA
876adc6a2ffffff;29.59147;-1.6697227;64;13,15;2G;RWA
876adead3ffffff;29.3949;-2.041632;130;16,14;2G;RWA
876ad8ca1ffffff;29.689419;-2.0766144;63;5,27;2G;RWA
876adc754ffffff;29.732306;-1.4562328;53;11,37;2G;RWA
876ad816dffffff;30.32264;-1.9675729;70;12,05;2G;RWA
876ade210ffffff;29.369665;-2.302193;0;18,4;3G;RWA
876ade2d6ffffff;29.421633;-2.446001;58;16,45;3G;RWA
876addcf0ffffff;30.407736;-1.1699625;164;42,31;3G;RWA
876ad8d23ffffff;29.690668;-1.8152776;64;12,96;3G;RWA
876ad880effffff;30.143288;-1.7576883;61;24,68;2G;RWA
876ada8e0ffffff;29.547415;-2.7755463;82;11,31;2G;RWA
876ade2e9ffffff;29.567785;-2.3726869;39;13,46;3G;RWA
876ad80a3ffffff;30.083576;-2.257501;56;4,55;2G;RWA
876adc2f2ffffff;30.05166;-1.4522599;70;11,22;2G;RWA
876ad8558ffffff;29.924858;-2.350317;82;18,45;3G;RWA
876ade211ffffff;29.393332;-2.3033893;45;20,87;3G;RWA
876adea24ffffff;29.338455;-1.7573298;149;9,06;3G;RWA
876ad8daaffffff;29.635359;-1.9732963;41;4,47;2G;RWA
876ad8b64ffffff;30.584688;-1.6794267;12;24,96;2G;RWA
876ade393ffffff;29.21479;-2.3145134;128;6,85;2G;RWA
876ade35bffffff;29.5286;-2.2094586;45;26,73;3G;RWA
876ad8349ffffff;30.74961;-2.210147;30;15,94;3G;RWA
876ad84f5ffffff;29.856749;-2.528462;118;13,64;3G;RWA
876adead4ffffff;29.37332;-2.0003004;98;11,26;2G;RWA
876ade448ffffff;28.889935;-2.3988528;63;11,29;2G;RWA
876ad84b0ffffff;29.67809;-2.5396693;95;5,21;2G;RWA
876adc6eaffffff;29.814728;-1.7010386;52;6,9;2G;RWA
876ad8975ffffff;30.15295;-1.5575486;16;10,51;3G;RWA
876ad812bffffff;30.155306;-1.9994162;288;30,99;2G;RWA
876ada955ffffff;29.533916;-2.572788;73;8,98;2G;RWA
876ad9c9cffffff;30.831451;-2.2343402;79;24,11;2G;RWA
876ad884cffffff;30.32131;-1.7465296;66;23,63;2G;RWA
876ade302ffffff;29.330622;-2.1390326;57;16,32;2G;RWA
876ad8935ffffff;29.987814;-1.5492584;79;7,89;3G;RWA
876ad8389ffffff;30.494753;-2.338479;144;15,91;2G;RWA
876ad809cffffff;30.07968;-2.3379161;32;5,2;3G;RWA
876adc66bffffff;29.927853;-1.5662949;60;9,3;3G;RWA
876ade31dffffff;29.365065;-2.1609132;105;18,18;2G;RWA
876ad8432ffffff;29.755169;-2.4224622;80;7,81;2G;RWA
876ade303ffffff;29.354273;-2.140229;227;18,32;2G;RWA
876ad8423ffffff;29.82819;-2.3857925;67;9,09;3G;RWA
876ad8baeffffff;30.375586;-1.8496449;69;12,98;2G;RWA
876ad80c3ffffff;30.258133;-2.3266826;52;14,67;3G;RWA
876ad8d68ffffff;29.903238;-1.8259718;49;15,68;2G;RWA
876add59dffffff;30.309143;-1.505249;10;11,43;3G;RWA
876ad81a2ffffff;29.983986;-2.1115463;95;22,5;3G;RWA
876ad88a3ffffff;30.02133;-1.8319021;70;21,31;2G;RWA
876ad8b83ffffff;30.36093;-1.9091866;79;9,08;2G;RWA
876ad8ab3ffffff;30.378862;-2.0307071;89;10,36;2G;RWA
876add58bffffff;30.356308;-1.5076118;16;6,9;2G;RWA
876add50affffff;30.421867;-1.3706992;50;20,08;3G;RWA
876adc702ffffff;29.614386;-1.4502903;143;4,46;2G;RWA
876ad8b2affffff;30.475687;-1.7341774;80;20,14;3G;RWA
876ade65affffff;29.234632;-2.6182513;43;27,69;3G;RWA
876adea59ffffff;29.555687;-1.908956;73;7,9;3G;RWA
876add554ffffff;30.481726;-1.3536808;30;23,6;3G;RWA
876ad8db1ffffff;29.564455;-1.9697218;62;9,08;3G;RWA
876ade700ffffff;28.997536;-2.3841543;93;9,09;2G;RWA
876ad8d15ffffff;29.652216;-1.8736212;92;5,19;2G;RWA
876ad8551ffffff;29.890345;-2.3284252;56;14,67;3G;RWA
876ad8b72ffffff;30.533758;-1.7571484;59;18,61;3G;RWA
876ad8333ffffff;30.454979;-2.1753588;62;7,9;3G;RWA
876ada90bffffff;29.47366;-2.589943;42;9,43;3G;RWA
876ad8b55ffffff;30.568232;-1.7789425;41;18,12;3G;RWA
876adc611ffffff;29.677105;-1.6138442;60;4,53;3G;RWA
876ad8892ffffff;29.95737;-1.9291706;84;25,67;2G;RWA
876ad8485ffffff;29.749155;-2.5432441;125;4,49;2G;RWA
876add514ffffff;30.316757;-1.3454155;96;24,65;2G;RWA
876ada94cffffff;29.617853;-2.5568264;49;9,42;3G;RWA
876ade2a9ffffff;29.402075;-2.3643212;50;22,84;3G;RWA
876ade6b4ffffff;28.913668;-2.6221464;70;13,72;2G;RWA
876ad8885ffffff;30.032162;-1.8525357;164;23,85;2G;RWA
876ad835cffffff;30.66593;-2.2261245;39;6,9;2G;RWA
876ada942ffffff;29.557608;-2.573983;83;8,98;3G;RWA
876add584ffffff;30.276632;-1.4435169;66;18,27;3G;RWA
876ad8704ffffff;30.146801;-2.421928;38;13,71;3G;RWA
876ad9c80ffffff;30.833275;-2.1941674;102;25,3;2G;RWA
876adea14ffffff;29.297852;-1.8557297;140;6,9;2G;RWA
876ad8d83ffffff;29.6097;-2.0122328;59;9,32;2G;RWA
876ad8022ffffff;30.149502;-2.1198404;47;18,1;2G;RWA
876ad881cffffff;30.106903;-1.7759423;52;25;2G;RWA
876ad8000ffffff;30.171213;-2.1611874;5;14,42;2G;RWA
876ade388ffffff;29.311537;-2.2790945;1;11,45;3G;RWA
876adeb44ffffff;29.437014;-1.6819986;5;2,59;3G;RWA
876ada823ffffff;29.482431;-2.6509893;22;5,28;2G;RWA
876adc4c4ffffff;29.361607;-1.5377543;172;17,01;2G;RWA
876ade2e1ffffff;29.509624;-2.3495867;45;17,03;3G;RWA
876ad8a88ffffff;30.484268;-2.0560803;69;12,99;3G;RWA
876ad8c8cffffff;29.721876;-2.1386385;82;6,84;2G;RWA
876ade253ffffff;29.54615;-2.3312664;14;18,13;3G;RWA
876ad811effffff;30.080515;-2.0761356;77;23,01;2G;RWA
876adea64ffffff;29.503757;-1.7656803;36;11,84;2G;RWA
876ad84c4ffffff;29.891287;-2.5503821;67;16,45;3G;RWA
876ad8942ffffff;30.185448;-1.6193352;40;15,94;3G;RWA
876ad8556ffffff;29.84301;-2.3260484;93;9,49;3G;RWA
876ade2dcffffff;29.492674;-2.4495888;65;9,1;3G;RWA
876ad88d1ffffff;30.159172;-1.9191895;187;30,35;2G;RWA
876adc715ffffff;29.590801;-1.4491011;275;5,17;2G;RWA
876ada970ffffff;29.512268;-2.5313125;65;6,93;2G;RWA
876ade6ecffffff;29.187239;-2.6158483;20;23,92;3G;RWA
876ad8958ffffff;30.20712;-1.6605403;46;20,42;3G;RWA
876ad8948ffffff;30.256235;-1.622883;47;18,1;3G;RWA
876add582ffffff;30.274723;-1.4834869;87;15,94;3G;RWA
876add4abffffff;30.423285;-1.5911404;101;5,18;2G;RWA
876ade729ffffff;29.070673;-2.3475313;7;8,97;2G;RWA
876ad8c55ffffff;29.893358;-2.0265064;101;13,61;2G;RWA
876ade273ffffff;29.537373;-2.27035;33;22,91;3G;RWA
876add598ffffff;30.296398;-1.5246506;23;12,04;3G;RWA
876adc4d2ffffff;29.310282;-1.6153905;85;11,84;3G;RWA
876ad8828ffffff;30.157991;-1.698208;62;19,6;3G;RWA
876ad8b08ffffff;30.497414;-1.7754072;31;15,68;3G;RWA
876addc88ffffff;30.358742;-1.2074878;16;38,42;3G;RWA
876ad81acffffff;30.044075;-2.094433;52;22,17;2G;RWA
876ad9da3ffffff;30.758791;-2.0094194;4;31,1;3G;RWA
876add589ffffff;30.369047;-1.4882128;16;7,77;2G;RWA
876ade7acffffff;28.945917;-2.462239;76;6,93;2G;RWA
876ad8cd9ffffff;29.872627;-2.2066326;83;9,49;2G;RWA
876add4a6ffffff;30.330824;-1.5464182;60;7,88;2G;RWA
876add48affffff;30.408657;-1.6505706;94;11,23;2G;RWA
876ad8ad4ffffff;30.531536;-2.0584364;47;13,42;2G;RWA
876ade7a9ffffff;28.980373;-2.4841764;23;9,1;3G;RWA
876ade781ffffff;28.930868;-2.522034;52;4,54;2G;RWA
876adc25effffff;30.196993;-1.3794452;124;24,69;3G;RWA
876ad8902ffffff;30.020273;-1.6110471;85;7,76;2G;RWA
876ade2c3ffffff;29.505537;-2.430061;40;9,42;3G;RWA
876ad83b4ffffff;30.343811;-2.2705083;54;22,68;3G;RWA
876ade621ffffff;29.088005;-2.4694624;1;4,54;2G;RWA
876ad8b46ffffff;30.580967;-1.7595048;12;20,7;3G;RWA
876ade633ffffff;29.025616;-2.5268543;154;9,36;2G;RWA
876ad8531ffffff;29.715853;-2.2591908;90;5,27;2G;RWA
876adab25ffffff;29.816233;-2.6273909;42;9,1;3G;RWA
876ad8d92ffffff;29.536749;-2.0487947;45;17,06;2G;RWA
876ade7a1ffffff;28.922235;-2.4610338;236;5,21;2G;RWA
876ad9da5ffffff;30.760624;-1.9693074;140;31,9;3G;RWA
876adc770ffffff;29.734304;-1.4162647;147;14,44;2G;RWA
876ad8856ffffff;30.20135;-1.7806761;57;29,93;2G;RWA
876adab26ffffff;29.779688;-2.645756;111;7,82;2G;RWA
876ad88a5ffffff;30.023285;-1.7918286;60;18,28;2G;RWA
876ada835ffffff;29.435032;-2.6485956;79;10,56;3G;RWA
876ada950ffffff;29.521048;-2.5923347;59;6,87;3G;RWA
876adc70cffffff;29.67435;-1.433277;221;9,29;2G;RWA
876add405ffffff;30.465248;-1.4529645;60;12,91;3G;RWA
876add59bffffff;30.307238;-1.5452367;31;10,51;2G;RWA
876ad898cffffff;29.9908;-1.7299619;46;11,39;2G;RWA
876add498ffffff;30.372314;-1.6688124;83;13,63;2G;RWA
876ad84d4ffffff;29.84192;-2.5882874;103;10,55;3G;RWA
876ade249ffffff;29.666513;-2.297014;41;9,42;3G;RWA
876adea40ffffff;29.5233;-1.8470241;79;13,61;3G;RWA
876ad8a1effffff;30.500778;-1.9563657;41;5,19;2G;RWA
876ad9db3ffffff;30.709698;-2.0471933;50;24,69;3G;RWA
876ad9ca4ffffff;30.813288;-2.1126823;48;27,27;3G;RWA
876adab23ffffff;29.814238;-2.6676948;42;11,98;3G;RWA
876ad8435ffffff;29.780844;-2.3834133;129;5,2;2G;RWA
876ad84e0ffffff;29.893269;-2.5101101;96;18,19;3G;RWA
876ad8355ffffff;30.631388;-2.2042732;96;5,19;3G;RWA
876add5a6ffffff;30.254967;-1.4023763;111;23,15;2G;RWA
876ad8216ffffff;30.505646;-2.3591754;38;16,28;3G;RWA
876ada84cffffff;29.69372;-2.7020526;47;14,47;2G;RWA
876ad8a99ffffff;30.45875;-2.095043;66;11,96;2G;RWA
876ad8d89ffffff;29.680614;-2.0158057;56;9,08;2G;RWA
876ad8d24ffffff;29.669062;-1.7740161;63;16,13;2G;RWA
876ad8909ffffff;30.114658;-1.6157848;72;9,38;2G;RWA
876ada873ffffff;29.598904;-2.6972787;77;6,97;2G;RWA
876ad8d65ffffff;29.85798;-1.7835248;37;11,83;3G;RWA
876ad818effffff;30.040169;-2.1747599;45;14,52;2G;RWA
876ad8229ffffff;30.651325;-2.2858183;8;4,55;2G;RWA
876ad8d9bffffff;29.618486;-2.073041;62;13,17;2G;RWA
876ad8b5cffffff;30.60271;-1.8007386;7;18,74;2G;RWA
876ad8832ffffff;30.03802;-1.7323323;43;15,95;2G;RWA
876ad8c12ffffff;29.702244;-2.0571356;48;4,54;2G;RWA
876add4d2ffffff;30.466705;-1.6735328;82;15,55;3G;RWA
876ad80d5ffffff;30.210806;-2.3243182;17;9,5;2G;RWA
876ad8b35ffffff;30.39402;-1.7100267;50;17,84;2G;RWA
876ade776ffffff;29.081451;-2.368247;99;6,86;2G;RWA
876adeacaffffff;29.478668;-2.0257416;100;18,79;2G;RWA
876ad8b00ffffff;30.439339;-1.7524321;83;18,64;3G;RWA
876adc645ffffff;29.880665;-1.5639224;58;9,3;3G;RWA
876ad8b8effffff;30.384552;-1.910367;101;6,91;2G;RWA
876ade264ffffff;29.565104;-2.191156;71;22,81;2G;RWA
876ade70cffffff;29.044882;-2.3865607;81;5,2;2G;RWA
876adc755ffffff;29.75589;-1.4574206;23;13,58;2G;RWA
876ad8154ffffff;30.200645;-2.0419128;93;27,37;2G;RWA
876ad819effffff;29.990904;-2.2125683;22;15,94;2G;RWA
876ad8bb4ffffff;30.281122;-1.8449206;91;20,45;2G;RWA
876ade0dbffffff;29.107233;-2.3292217;83;11,9;2G;RWA
876ad8050ffffff;30.28754;-2.2072735;34;20,44;2G;RWA
876ad8c81ffffff;29.698225;-2.137448;72;7,79;3G;RWA
876ade612ffffff;29.010582;-2.5866756;150;15,94;2G;RWA
876ad898effffff;29.978016;-1.7493957;54;11,39;2G;RWA
876ad8a83ffffff;30.437;-2.0537226;72;11,26;2G;RWA
876ad8c20ffffff;29.75553;-1.9391297;37;13,16;3G;RWA
876ada834ffffff;29.411331;-2.647398;1;13,19;3G;RWA
876ad83a4ffffff;30.39302;-2.232677;148;15,95;2G;RWA
876ad831cffffff;30.500393;-2.2178895;66;5,19;3G;RWA
876ade3a3ffffff;29.255503;-2.2158012;52;4,55;2G;RWA
876ad896bffffff;30.258148;-1.5828722;119;16,38;2G;RWA
876ad8049ffffff;30.418564;-2.1936762;64;12,05;3G;RWA
876ade76cffffff;29.20191;-2.3340237;70;8,96;2G;RWA
876ad8928ffffff;30.082178;-1.5539973;62;2,63;2G;RWA
876ad8cd5ffffff;29.803654;-2.1628878;82;6,84;3G;RWA
876adc6c2ffffff;29.765518;-1.7387121;31;13,79;3G;RWA
876add58cffffff;30.334627;-1.4664546;25;11,91;3G;RWA
876adc6c5ffffff;29.79112;-1.6998508;56;9,06;2G;RWA
876ad80a6ffffff;30.049065;-2.2356267;37;9,09;2G;RWA
876addc85ffffff;30.313534;-1.1652372;19;43,93;3G;RWA
876addc9bffffff;30.320559;-1.2655692;21;32,92;2G;RWA
876ad8508ffffff;29.808506;-2.3041573;75;6,92;2G;RWA
876ad8a2bffffff;30.575378;-1.8797075;51;11,42;2G;RWA
876ade230ffffff;29.360933;-2.241286;53;15,81;2G;RWA
876ade630ffffff;29.014835;-2.5061162;136;7,81;3G;RWA
876ade70effffff;29.031984;-2.406079;114;4,54;2G;RWA
876adc676ffffff;29.786291;-1.5591741;153;9,06;2G;RWA
876ad810dffffff;30.166157;-2.0200715;13;29,36;2G;RWA
876ad818bffffff;30.07467;-2.196626;68;10,4;2G;RWA
876ad8992ffffff;29.881596;-1.784712;47;11,24;2G;RWA
876ad8011ffffff;30.145628;-2.2001786;171;9,33;2G;RWA
876ad8320ffffff;30.493267;-2.1168854;82;7,8;2G;RWA
876ade240ffffff;29.5847;-2.2727368;50;18,18;3G;RWA
876add522ffffff;30.354952;-1.2872986;97;29,7;2G;RWA
876addc1cffffff;30.387964;-1.0890423;90;51,33;3G;RWA
876ad8a82ffffff;30.413366;-2.0525432;70;11,25;2G;RWA
876add485ffffff;30.376104;-1.5887794;111;5,17;2G;RWA
876ad8271ffffff;30.709536;-2.3088539;40;11,46;2G;RWA
876ade7a5ffffff;28.911467;-2.440304;125;6,86;2G;RWA
876add572ffffff;30.47088;-1.333125;23;25,34;3G;RWA
876ad8b29ffffff;30.512028;-1.7159249;11;22,19;3G;RWA
876adc665ffffff;29.871834;-1.5033362;63;16,1;3G;RWA
876ad8d0effffff;29.723091;-1.877191;35;11,39;3G;RWA
876ad8ba5ffffff;30.35387;-1.8083905;125;18,17;3G;RWA
876ad8ba3ffffff;30.35197;-1.8484643;99;14,5;2G;RWA
876adea4cffffff;29.570545;-1.8494076;80;9,39;3G;RWA
876ad8a44ffffff;30.669836;-1.8844151;5;21,5;2G;RWA
876ad80b1ffffff;30.047112;-2.275823;67;6,96;3G;RWA
876adc716ffffff;29.55441;-1.4673046;105;6,94;2G;RWA
876addcaaffffff;30.337086;-1.1664188;9;43,29;3G;RWA
876ad8195ffffff;29.969215;-2.1712022;98;20,48;2G;RWA
876ad8065ffffff;30.340557;-2.0891445;28;18,14;2G;RWA
876ade235ffffff;29.373796;-2.2217867;58;17,28;3G;RWA
876ad8c21ffffff;29.77916;-1.9403187;41;13,67;3G;RWA
876ad89acffffff;29.981937;-1.6693063;88;7,89;2G;RWA
876add4a5ffffff;30.367153;-1.5281945;20;4,53;2G;RWA
876adc612ffffff;29.640697;-1.6320716;109;9,06;3G;RWA
876ad81b1ffffff;29.97118;-2.1310334;83;21,54;2G;RWA
876ad8300ffffff;30.502272;-2.1777153;49;2,63;2G;RWA
876ad9d99ffffff;30.789654;-2.1115088;22;25,16;3G;RWA
876adc6a8ffffff;29.662287;-1.6732925;88;10,36;2G;RWA
876addcc8ffffff;30.523615;-1.2157516;9;39,61;3G;RWA
876addc9effffff;30.286173;-1.2438424;74;36,42;3G;RWA
876ad8a66ffffff;30.648075;-1.84316;68;20,44;2G;RWA
876add511ffffff;30.35116;-1.3671565;171;21,11;2G;RWA
876ad8982ffffff;29.930796;-1.7470237;66;7,77;2G;RWA
876ad84daffffff;29.89818;-2.6517036;86;18,43;3G;RWA
876adeae3ffffff;29.435493;-1.9431019;89;9,07;2G;RWA
876ad9d92ffffff;30.695116;-2.1068118;127;18,15;3G;RWA
876ada904ffffff;29.393826;-2.5253303;1;19;2G;RWA
876ade2e5ffffff;29.498812;-2.3288777;27;19,61;3G;RWA
876ade332ffffff;29.272533;-2.1159575;67;14,44;2G;RWA
876adea6effffff;29.548954;-1.8081341;101;14,48;3G;RWA
876ade3abffffff;29.313612;-2.2388923;48;10,54;3G;RWA
876ade600ffffff;29.07299;-2.5292618;33;9,35;2G;RWA
876ad8086ffffff;30.057964;-2.296518;100;5,27;3G;RWA
876ade3a2ffffff;29.231844;-2.214603;72;2,6;2G;RWA
876adc6b6ffffff;29.53144;-1.6867654;105;6,94;2G;RWA
876adc4e3ffffff;29.374432;-1.5183519;111;18,12;3G;RWA
876adea6affffff;29.55975;-1.8287693;88;11,93;3G;RWA
876add472ffffff;30.546831;-1.477076;2;18,09;2G;RWA
876ad8104ffffff;30.084406;-1.9958643;785;31,78;2G;RWA
876adeb40ffffff;29.447792;-1.7026167;0;4,46;3G;RWA
876ad811bffffff;30.115005;-2.097987;28;20,2;2G;RWA
876ade382ffffff;29.240545;-2.2755003;100;4,54;2G;RWA
876ade361ffffff;29.52391;-2.0682716;63;19,63;2G;RWA
876addcd9ffffff;30.49819;-1.254471;25;34,61;3G;RWA
876ade30effffff;29.377922;-2.1414247;40;20,47;2G;RWA
876ade2abffffff;29.389208;-2.3838396;59;22,73;3G;RWA
876ada96affffff;29.607023;-2.5360904;87;6,93;2G;RWA
876ad80ecffffff;30.285625;-2.2474594;5;18,38;2G;RWA
876adc6caffffff;29.823553;-1.7617114;45;11,83;3G;RWA
876ad8c80ffffff;29.674576;-2.1362572;84;9,4;3G;RWA
876ad8b93ffffff;30.311779;-1.9469271;70;13,16;2G;RWA
876ad8853ffffff;30.235807;-1.8024826;34;27,32;2G;RWA
876ad8b9dffffff;30.371792;-1.9298265;92;6,95;2G;RWA
876ad8d9dffffff;29.620508;-2.0328965;50;11,26;2G;RWA
876adc6eeffffff;29.803919;-1.6804242;63;6,94;2G;RWA
876ad84dcffffff;29.900162;-2.6114047;83;17,3;3G;RWA
876adea46ffffff;29.499678;-1.845832;80;15,95;3G;RWA
876ad80e2ffffff;30.225525;-2.264602;68;11,44;2G;RWA
876ad8894ffffff;29.959337;-1.8890691;70;23,69;2G;RWA
876adc605ffffff;29.71551;-1.5556101;100;4,46;2G;RWA
876ad88f5ffffff;30.13942;-1.8378245;73;31,75;2G;RWA
876ad8d5affffff;29.850052;-1.9438838;58;16,98;3G;RWA
876adc250ffffff;30.162598;-1.3576988;57;24,61;3G;RWA
876adab10ffffff;29.762829;-2.7459528;62;18,17;3G;RWA
876adc251ffffff;30.186169;-1.3588818;57;25,84;3G;RWA
876ad8b60ffffff;30.595556;-1.7000308;13;27,22;2G;RWA
876adc2e2ffffff;30.100761;-1.4146641;33;16,08;3G;RWA
876ada96dffffff;29.632736;-2.497013;38;7,91;2G;RWA
876ada909ffffff;29.48653;-2.570397;54;10,42;3G;RWA
876addcddffffff;30.487349;-1.2339299;21;36,45;3G;RWA
876addc8affffff;30.346016;-1.2268454;10;36,5;3G;RWA
876ad841bffffff;29.8459;-2.5077326;78;13,85;3G;RWA
876ad8ac6ffffff;30.567919;-2.0401363;96;16,14;2G;RWA
876ad8accffffff;30.63881;-2.0436664;47;19,6;3G;RWA
876ad8330ffffff;30.444101;-2.1546862;90;9,49;2G;RWA
876ad8144ffffff;30.249836;-2.0041473;133;20,83;2G;RWA
876add416ffffff;30.379892;-1.5087926;45;5,18;2G;RWA
876ad8090ffffff;30.032347;-2.3355458;66;9,08;3G;RWA
876ada82affffff;29.51696;-2.6729383;8;2,61;2G;RWA
876adc24bffffff;30.28045;-1.3636117;90;24,74;2G;RWA
876addcacffffff;30.338982;-1.1265433;6;47,65;3G;RWA
876ade0daffffff;29.083565;-2.3280203;12;11,29;2G;RWA
876adc666ffffff;29.83546;-1.5215508;39;15,54;2G;RWA
876ade631ffffff;29.03852;-2.5073202;90;6,86;2G;RWA
876addcdcffffff;30.463795;-1.2327496;18;35,98;3G;RWA
876ada95bffffff;29.5901;-2.6362162;43;6,93;2G;RWA
876ad811dffffff;30.116945;-2.05784;12;24,66;2G;RWA
876ad83a9ffffff;30.485746;-2.2775831;82;11,86;3G;RWA
876ad8831ffffff;30.074404;-1.7140855;64;18,04;2G;RWA
876adeb50ffffff;29.39852;-1.7402835;44;10,37;3G;RWA
876ad8db5ffffff;29.553654;-1.9490664;62;9,08;3G;RWA
876ad859effffff;29.64559;-2.4774783;84;6,97;2G;RWA
876adc691ffffff;29.587421;-1.7498189;77;15,89;3G;RWA
876ade78cffffff;28.954554;-2.5232396;88;6,96;3G;RWA
876ad852dffffff;29.812492;-2.2237551;71;2,63;2G;RWA
876ad85a6ffffff;29.627981;-2.3555548;46;10,54;3G;RWA
876adeb18ffffff;29.291227;-1.7549413;211;5,18;2G;RWA
876ad8aaeffffff;30.451645;-1.9941213;40;5,19;2G;RWA
876adc2e9ffffff;30.19507;-1.4193976;73;21,24;3G;RWA
876ade2c9ffffff;29.576574;-2.4336443;61;6,86;3G;RWA
876ade60affffff;29.118258;-2.571949;63;15,61;2G;RWA
876add495ffffff;30.32702;-1.6264281;64;11,89;2G;RWA
876ad850bffffff;29.819344;-2.3248594;135;6,96;3G;RWA
876ad8c59ffffff;29.962307;-2.0702078;74;19,88;3G;RWA
876ade2b0ffffff;29.270836;-2.3778503;2;15,59;3G;RWA
876adab20ffffff;29.803387;-2.6469464;35;9,43;3G;RWA
876ad8246ffffff;30.72044;-2.3295426;83;13,65;3G;RWA
876ade74cffffff;29.210606;-2.3949704;71;15,75;3G;RWA
876adc7b1ffffff;29.503166;-1.5449036;28;13,59;2G;RWA
876ade309ffffff;29.425226;-2.1438153;35;25,05;3G;RWA
876adc774ffffff;29.723515;-1.3956912;198;15,52;2G;RWA
876ade223ffffff;29.421114;-2.2241783;57;22,51;2G;RWA
876adeb6affffff;29.484226;-1.6843826;61;2,59;2G;RWA
876ad8a8cffffff;30.473392;-2.0354247;69;10,39;3G;RWA
876ad8ce1ffffff;29.854927;-2.0849397;81;7,9;2G;RWA
876ade24effffff;29.619183;-2.2946298;39;13,64;3G;RWA
876ad83a0ffffff;30.403898;-2.253361;11;15,9;3G;RWA
876adea12ffffff;29.295778;-1.8958261;151;5,26;2G;RWA
876ad8b75ffffff;30.559227;-1.7182819;8;23,66;3G;RWA
876ad89abffffff;30.003584;-1.7105308;53;11,43;2G;RWA
876ade272ffffff;29.51371;-2.2691562;46;25,36;3G;RWA
876ad812dffffff;30.15724;-1.9592972;372;30,34;2G;RWA
876adab2effffff;29.837938;-2.6688845;64;13,86;3G;RWA
876ad814bffffff;30.32969;-2.068482;43;17,03;2G;RWA
876ade65effffff;29.22383;-2.5975027;1;25,25;3G;RWA
876adc26affffff;30.247965;-1.3019406;115;32,47;3G;RWA
876ad89aeffffff;29.969154;-1.6887316;63;6,94;2G;RWA
876ada972ffffff;29.499401;-2.5508535;54;9,43;2G;RWA
876add51cffffff;30.37473;-1.3683376;124;20,44;2G;RWA
876ad8cd8ffffff;29.84897;-2.2054443;51;6,96;2G;RWA
876ad8023ffffff;30.173145;-2.1210237;16;18,66;2G;RWA
876addc99ffffff;30.333288;-1.2462058;17;34,66;2G;RWA
876ada845ffffff;29.659174;-2.6801052;50;13,19;2G;RWA
876ad8456ffffff;29.91893;-2.4710367;149;22,84;2G;RWA
876ada869ffffff;29.719437;-2.662931;104;9,36;2G;RWA
876adea01ffffff;29.381565;-1.8398664;61;6,83;3G;RWA
876ad8723ffffff;30.159607;-2.4024007;20;11,89;2G;RWA
876ade2e4ffffff;29.475142;-2.327683;42;20,81;3G;RWA
876ad850cffffff;29.79767;-2.283458;95;4,55;2G;RWA
876ada84affffff;29.691704;-2.7423768;85;18,43;3G;RWA
876ad8554ffffff;29.855837;-2.3065352;53;11,42;3G;RWA
876ad8aeeffffff;30.617037;-2.0023663;75;18,17;2G;RWA
876adc4ceffffff;29.406738;-1.5801444;134;10,35;2G;RWA
876addc93ffffff;30.262613;-1.2426603;27;37,54;3G;RWA
876adeb20ffffff;29.273844;-1.6336124;15;8,93;3G;RWA
876adc4d0ffffff;29.323116;-1.5959774;147;14,39;3G;RWA
876ad8351ffffff;30.642282;-2.2249494;33;4,53;2G;RWA
876ade714ffffff;28.937283;-2.4012632;91;11,9;3G;RWA
876adc68bffffff;29.681873;-1.7545794;48;18,04;3G;RWA
876ad8066ffffff;30.304142;-2.107448;29;22,18;2G;RWA
876ad8911ffffff;30.007496;-1.6304641;94;10,35;2G;RWA
876ad8c34ffffff;29.695448;-1.9562129;53;6,95;2G;RWA
876ade21affffff;29.41494;-2.3448052;73;23,24;3G;RWA
876ad9d94ffffff;30.696962;-2.0666716;25;22,12;3G;RWA
876ad8b9affffff;30.346266;-1.9687537;155;9,47;2G;RWA
876ade333ffffff;29.296183;-2.1171546;91;15,6;2G;RWA
876ad8353ffffff;30.62953;-2.2444527;69;2,59;2G;RWA
876adeb71ffffff;29.413406;-1.6808062;55;4,53;3G;RWA
876ad83a2ffffff;30.391123;-2.2728682;109;18,28;3G;RWA
876ad8d9cffffff;29.596869;-2.031705;69;11,86;2G;RWA
876adc392ffffff;29.819813;-1.360489;67;25,6;3G;RWA
876adeb73ffffff;29.400576;-1.7002316;53;6,9;3G;RWA
876adc4d5ffffff;29.335949;-1.576567;177;15,88;3G;RWA
876ade685ffffff;28.99554;-2.6465201;55;19,68;2G;RWA
876ad896effffff;30.22372;-1.5610975;64;18,4;3G;RWA
876add562ffffff;30.519878;-1.2955618;39;31,23;3G;RWA
876adc776ffffff;29.710724;-1.4150769;181;12,93;2G;RWA
876add581ffffff;30.311047;-1.4652731;96;13,8;3G;RWA
876adea63ffffff;29.525335;-1.8069423;97;16,28;3G;RWA
876ad8cb6ffffff;29.592815;-2.1120045;86;16,42;2G;RWA
876ad8842ffffff;30.261335;-1.7636024;53;28,2;3G;RWA
876ad9c86ffffff;30.809633;-2.1929948;31;22,86;2G;RWA
876ad8cabffffff;29.734703;-2.1191514;111;4,48;2G;RWA
876ade79cffffff;28.905037;-2.5611057;80;6,86;3G;RWA
876ad83adffffff;30.474861;-2.2568972;65;10,38;3G;RWA
876ad8841ffffff;30.297703;-1.7453482;108;24,63;3G;RWA
876ad84f0ffffff;29.84391;-2.5480046;77;11,46;3G;RWA
876ad8d0cffffff;29.735905;-1.8577397;33;13,61;3G;RWA
876ad8d1affffff;29.684639;-1.9355607;60;5,26;2G;RWA
876ade756ffffff;29.090118;-2.4292085;165;2,64;2G;RWA
876ad8c23ffffff;29.766346;-1.9597816;43;11,26;3G;RWA
876ad9d93ffffff;30.718752;-2.1079867;53;19,61;3G;RWA
876adc670ffffff;29.809885;-1.5603615;76;11,42;2G;RWA
876ade78effffff;28.941643;-2.5427747;70;6,92;2G;RWA
876adc613ffffff;29.664299;-1.633261;78;6,9;3G;RWA
876ada80effffff;29.514915;-2.713256;27;5,21;3G;RWA
876ad8959ffffff;30.23072;-1.6617229;28;22,67;3G;RWA
876ad8274ffffff;30.674978;-2.2869933;106;6,96;2G;RWA
876addc1affffff;30.386074;-1.1289059;133;46,9;3G;RWA
876ad8cddffffff;29.861792;-2.1859477;66;9,08;2G;RWA
876ad8a0cffffff;30.562637;-1.8991624;71;9,47;2G;RWA
876ad88c0ffffff;30.184727;-1.8802762;67;28,45;3G;RWA
876ad9c93ffffff;30.795069;-2.252672;110;19,87;2G;RWA
876ade351ffffff;29.483332;-2.1668885;47;29,84;3G;RWA
876ad9532ffffff;30.838717;-2.335406;1;25,94;2G;RWA
876adc794ffffff;29.47753;-1.5837195;150;8,92;2G;RWA
876ade213ffffff;29.380466;-2.3228996;21;20,5;3G;RWA
876ad8318ffffff;30.511278;-2.2385697;68;6,84;3G;RWA
876ad8d59ffffff;29.886486;-1.9256103;66;20,75;2G;RWA
876ad8a43ffffff;30.691607;-1.925681;15;23,68;2G;RWA
876ad89a3ffffff;29.94555;-1.6875457;76;4,53;2G;RWA
876ad8591ffffff;29.63476;-2.4567533;78;9,1;3G;RWA
876ad8af1ffffff;30.557037;-2.0194843;239;14,5;2G;RWA
876ad8a75ffffff;30.635342;-1.8626096;6;18,35;2G;RWA
876ad8436ffffff;29.744331;-2.401746;55;5,2;3G;RWA
876ad806bffffff;30.396812;-2.1523278;35;14,66;3G;RWA
876ad8a62ffffff;30.658955;-1.8637862;24;20,82;2G;RWA
876ad8c05ffffff;29.777164;-1.9804363;58;9,32;3G;RWA
876ad8003ffffff;30.182072;-2.181865;47;12,98;2G;RWA
876adc4deffffff;29.357483;-1.6177768;153;11,42;3G;RWA
876ad8d08ffffff;29.746716;-1.8783802;47;13,61;3G;RWA
876ad84a0ffffff;29.727476;-2.5017817;78;2,64;3G;RWA
876ad8226ffffff;30.545818;-2.2604299;66;6,95;2G;RWA
876ad8a95ffffff;30.38973;-2.0513635;94;11,84;2G;RWA
876adeb6bffffff;29.507833;-1.6855742;143;4,53;2G;RWA
876adc29bffffff;29.977;-1.5286678;78;9,47;3G;RWA
876ad8acdffffff;30.66244;-2.0448425;42;21,29;3G;RWA
876ad858bffffff;29.729483;-2.4615211;75;5,2;2G;RWA
876ad8d5bffffff;29.873682;-1.9450715;52;18,16;3G;RWA
876adea52ffffff;29.461172;-1.904186;58;10,53;3G;RWA
876ad810affffff;30.140585;-2.0590239;26;24,66;2G;RWA
876ada94bffffff;29.63952;-2.5983064;67;12,08;3G;RWA
876add592ffffff;30.22564;-1.5211042;77;18,92;3G;RWA
876ad8d50ffffff;29.804783;-1.9014009;48;18,64;3G;RWA
876ad8a9dffffff;30.447874;-2.0743814;78;13,68;2G;RWA
876ade632ffffff;29.001928;-2.5256498;96;10,42;3G;RWA
876adc686ffffff;29.589447;-1.7097651;85;13,89;2G;RWA
876ad8201ffffff;30.602156;-2.323669;78;6,84;3G;RWA
876ade358ffffff;29.517792;-2.188769;47;27,25;3G;RWA
876ad8d91ffffff;29.573229;-2.0305128;56;12,97;2G;RWA
876adeb62ffffff;29.426235;-1.6613835;17;2,63;2G;RWA
876ada86effffff;29.672035;-2.6605463;35;11,97;2G;RWA
876adeb5cffffff;29.445744;-1.7426691;4;8,93;3G;RWA
876ad8a09ffffff;30.597134;-1.9209751;103;13,16;2G;RWA
876ad8b20ffffff;30.430367;-1.6917787;110;16,11;2G;RWA
876ad8aadffffff;30.488028;-1.9758315;113;6,84;3G;RWA
876ad8b02ffffff;30.426592;-1.7718691;71;16,98;2G;RWA
876adab32ffffff;29.741129;-2.7044365;54;13,48;2G;RWA
876adea89ffffff;29.349684;-1.9991052;39;11,26;2G;RWA
876ad8543ffffff;29.926832;-2.310099;88;18,18;3G;RWA
876ade72cffffff;29.036228;-2.3256164;143;11,88;2G;RWA
876adeac6ffffff;29.409805;-1.9820281;61;10,37;2G;RWA
876ad8cf6ffffff;29.75835;-2.120341;176;5,19;2G;RWA
876ad8494ffffff;29.676071;-2.5799508;37;7,91;2G;RWA
876ad858dffffff;29.731491;-2.4212713;59;6,86;3G;RWA
876ade6acffffff;29.021366;-2.6074245;340;18,16;2G;RWA
876ad8993ffffff;29.90521;-1.7858988;47;11,24;2G;RWA
876ad8053ffffff;30.298409;-2.2279556;9;20,49;2G;RWA
876ad9d9cffffff;30.755121;-2.0896769;3;23,83;2G;RWA
876ada940ffffff;29.570473;-2.5544386;26;6,86;3G;RWA
876ad88f0ffffff;30.126642;-1.8572737;76;31,82;2G;RWA
876ade375ffffff;29.463776;-2.0853636;51;23,35;2G;RWA
876adc6dcffffff;29.776327;-1.7593353;29;14,46;3G;RWA
876ad8363ffffff;30.669632;-2.1457882;78;12,96;3G;RWA
876add55dffffff;30.563276;-1.3777779;12;26,29;2G;RWA
876ad8b6effffff;30.630026;-1.7218152;5;27,3;2G;RWA
876ad8d74ffffff;29.785143;-1.8200337;54;19,52;3G;RWA
876adc4cdffffff;29.44316;-1.5619276;30;11,23;2G;RWA
876ad8d09ffffff;29.77034;-1.8795692;41;15,95;3G;RWA
876ad8a86ffffff;30.402494;-2.031887;104;9,31;2G;RWA
876ade2c4ffffff;29.483906;-2.3886235;52;14,52;3G;RWA
876ad88e9ffffff;30.257505;-1.8437387;62;22,7;3G;RWA
876ada95effffff;29.55557;-2.6142745;25;5,21;2G;RWA
876add434ffffff;30.383677;-1.4288526;32;13,63;2G;RWA
876ad8109ffffff;30.177008;-2.0407298;4;27,36;2G;RWA
876ade681ffffff;29.006327;-2.6672773;254;22,27;2G;RWA
876ad8309ffffff;30.584095;-2.2019212;147;5,2;2G;RWA
876ade601ffffff;29.09668;-2.530465;2;10,4;2G;RWA
876ad8136ffffff;30.013506;-1.9923091;148;27,39;2G;RWA
876ad899effffff;29.928825;-1.7870854;44;11,84;2G;RWA
876ad8811ffffff;30.083292;-1.7747581;83;22,68;2G;RWA
876ade21effffff;29.404135;-2.324096;76;22,9;3G;RWA
876add481ffffff;30.386953;-1.6093737;346;6,81;2G;RWA
876adc604ffffff;29.691916;-1.5544214;125;5,18;2G;RWA
876ad8d33ffffff;29.641413;-1.8529804;173;6,83;2G;RWA
876ad8348ffffff;30.725967;-2.208973;49;13,6;3G;RWA
876add560ffffff;30.53259;-1.2761946;14;33,78;3G;RWA
876addcd4ffffff;30.40585;-1.20985;222;37,86;2G;RWA
876ad8055ffffff;30.300322;-2.1877754;99;22,69;2G;RWA
876ada96cffffff;29.60905;-2.4958198;66;5,27;2G;RWA
876ada809ffffff;29.562328;-2.7156472;43;5,21;2G;RWA
876adea23ffffff;29.360006;-1.7985923;39;11,25;3G;RWA
876ada80affffff;29.525747;-2.734017;22;6,87;3G;RWA
876ade742ffffff;29.150366;-2.4120898;19;9,5;2G;RWA
876ad8131ffffff;30.060774;-1.9946796;667;32,27;2G;RWA
876adaba4ffffff;29.70255;-2.7631392;83;20,55;3G;RWA
876ad8052ffffff;30.274755;-2.2267745;7;18,15;2G;RWA
876ad8b2cffffff;30.477566;-1.6941379;56;18,14;3G;RWA
876ad8890ffffff;29.970167;-1.9097116;108;26,24;2G;RWA
876adc651ffffff;29.842302;-1.6221609;84;5,18;2G;RWA
876ade71cffffff;28.995407;-2.424396;121;6,96;2G;RWA
876ad8563ffffff;29.917963;-2.2491987;115;14,67;3G;RWA
876ade0d9ffffff;29.120121;-2.309713;83;11,42;2G;RWA
876ad8589ffffff;29.742327;-2.4419904;57;7,81;2G;RWA
876ad8812ffffff;30.046898;-1.7930137;125;20,43;2G;RWA
876adeb5dffffff;29.469357;-1.7438614;1;8,93;3G;RWA
876ad8981ffffff;29.967194;-1.7287762;68;9,07;2G;RWA
876ad9da0ffffff;30.747896;-1.9887747;148;31,02;3G;RWA
876ade773ffffff;29.115906;-2.3901672;56;6,93;2G;RWA
876ade3b5ffffff;29.208187;-2.2134044;62;2,6;3G;RWA
876ad88dcffffff;30.182798;-1.9203727;136;27,73;2G;RWA
876adea20ffffff;29.34923;-1.7779596;65;11,38;2G;RWA
876ad8153ffffff;30.222359;-2.0832367;24;24,72;3G;RWA
876adeb05ffffff;29.295374;-1.6748399;259;5,18;2G;RWA
876adea0bffffff;29.426758;-1.8823457;61;6,95;3G;RWA
876ada86dffffff;29.708591;-2.6421819;68;7,81;2G;RWA
876adc601ffffff;29.726305;-1.5762072;79;2,59;2G;RWA
876ad8c00ffffff;29.764349;-1.9999048;60;6,84;3G;RWA
876ade745ffffff;29.176142;-2.373052;58;13,65;2G;RWA
876ada929ffffff;29.47776;-2.509383;133;9,5;2G;RWA
876ad9534ffffff;30.84054;-2.2952058;26;25,13;2G;RWA
876ad8561ffffff;29.930779;-2.2296956;74;15,81;2G;RWA
876ad8183ffffff;30.016518;-2.1735742;70;16,32;2G;RWA
876adc72bffffff;29.687143;-1.4138888;135;11,82;2G;RWA
876ade168ffffff;29.151918;-1.9287537;17;21,53;3G;RWA
876ade21dffffff;29.440666;-2.3057811;40;24,85;3G;RWA
876ad895bffffff;30.21796;-1.6811471;37;22,77;3G;RWA
876ad8418ffffff;29.835052;-2.4870062;80;14,53;3G;RWA
876ade2ebffffff;29.554932;-2.3922074;54;11,29;3G;RWA
876ad8999ffffff;29.976055;-1.7894577;50;14,48;2G;RWA
876ad8520ffffff;29.741518;-2.220186;73;4,54;3G;RWA
876adc689ffffff;29.694685;-1.7351454;48;15,67;3G;RWA
876add49effffff;30.348717;-1.6676316;61;14,36;2G;RWA
876ad830affffff;30.54769;-2.2202444;70;5,2;2G;RWA
876ade775ffffff;29.118013;-2.3499346;84;10,41;2G;RWA
876ad8b1effffff;30.424706;-1.8119314;119;12,98;2G;RWA
876ad8861ffffff;30.288765;-1.6846937;47;19,56;3G;RWA
876adea10ffffff;29.308628;-1.8763741;122;4,53;2G;RWA
876ad8c8dffffff;29.745525;-2.1398287;105;6,84;2G;RWA
876ad8dadffffff;29.661007;-1.9343704;84;2,63;2G;RWA
876ad80e6ffffff;30.214659;-2.2439137;82;11,4;2G;RWA
876ad815effffff;30.245998;-2.084419;25;25,16;2G;RWA
876ad8b05ffffff;30.452084;-1.7329979;75;20,49;3G;RWA
876ade369ffffff;29.582005;-2.0913293;66;17,26;2G;RWA
876ade391ffffff;29.227669;-2.2950056;103;5,2;2G;RWA
876ad8a11ffffff;30.489906;-1.935724;178;2,6;2G;RWA
876ad8c28ffffff;29.813612;-1.9621592;63;12,97;2G;RWA
876addc18ffffff;30.398792;-1.1095631;125;49,03;3G;RWA
876ad8918ffffff;30.04192;-1.6522539;72;11,22;2G;RWA
876adc2deffffff;30.107708;-1.5151881;33;6,89;3G;RWA
876ad8150ffffff;30.2115;-2.0625734;42;26,28;3G;RWA
876ade385ffffff;29.26629;-2.236497;41;5,27;2G;RWA
876ade0cdffffff;29.158772;-2.251201;1;5,27;3G;RWA
876add550ffffff;30.492573;-1.3742397;31;22,03;2G;RWA
876adeaaeffffff;29.293703;-1.9359336;33;6,91;2G;RWA
876ad8895ffffff;29.982962;-1.8902551;194;24,7;2G;RWA
876adc6a4ffffff;29.593494;-1.6296918;76;13,88;3G;RWA
876adc768ffffff;29.841406;-1.4016268;99;24,91;2G;RWA
876ad8db3ffffff;29.55162;-1.9891878;72;11,4;3G;RWA
876adc749ffffff;29.87381;-1.4633555;56;20,45;3G;RWA
876ad8734ffffff;30.08859;-2.3988488;24;11,28;3G;RWA
876ade620ffffff;29.064323;-2.4682596;1;2,6;2G;RWA
876ad8b0cffffff;30.48655;-1.7547909;30;17,86;3G;RWA
876ad856cffffff;29.954437;-2.2308826;66;18,41;2G;RWA
876ada812ffffff;29.41803;-2.7487953;8;15,97;3G;RWA
876adc6e9ffffff;29.85113;-1.6827992;64;2,59;2G;RWA
876ade78dffffff;28.978241;-2.5244448;106;9,5;3G;RWA
876ad810effffff;30.129734;-2.0383627;66;26,86;2G;RWA
876adc624ffffff;29.68313;-1.493836;249;4,53;2G;RWA
876ad80c0ffffff;30.247261;-2.3059864;157;13,18;3G;RWA
876ad8921ffffff;30.047766;-1.5322226;83;2,59;2G;RWA
876ad8a8bffffff;30.495146;-2.0767386;62;11,88;2G;RWA
876adeaf6ffffff;29.35175;-1.9589801;61;6,83;2G;RWA
876ada8e6ffffff;29.523703;-2.7743504;63;11,31;3G;RWA
876add486ffffff;30.339767;-1.6070119;45;9,36;2G;RWA
876ad830bffffff;30.571339;-2.2214212;99;4,55;2G;RWA
876adc675ffffff;29.822674;-1.5409548;44;13,59;2G;RWA
876adab2cffffff;29.850782;-2.6493258;63;13,66;3G;RWA
876ad8512ffffff;29.688166;-2.3384223;96;4,55;3G;RWA
876addc91ffffff;30.275347;-1.2233001;30;38,98;3G;RWA
876ad88eeffffff;30.210272;-1.8413739;52;27,41;2G;RWA
876adeac8ffffff;29.49151;-2.006271;66;18,15;3G;RWA
876ad9dabffffff;30.816938;-2.0324144;0;33,2;3G;RWA
876ad88f3ffffff;30.137484;-1.8779095;79;33,59;2G;RWA
876ad8d19ffffff;29.721087;-1.9172913;42;9,48;3G;RWA
876ad8213ffffff;30.540201;-2.3810515;64;15,57;3G;RWA
876ade6b1ffffff;28.948145;-2.6441078;169;17,03;2G;RWA
876ade75dffffff;29.184834;-2.4340146;38;13,18;2G;RWA
876ad8cd3ffffff;29.80166;-2.2030668;88;2,6;2G;RWA
876ad8198ffffff;30.014559;-2.2137542;60;13,64;2G;RWA
876adc681ffffff;29.636665;-1.7121456;106;15,54;3G;RWA
876ad8cd2ffffff;29.778004;-2.2018774;96;2,6;2G;RWA
876ad8caeffffff;29.700235;-2.0972865;35;4,54;2G;RWA
876ad8071ffffff;30.302233;-2.1476061;70;25,12;2G;RWA
876adc669ffffff;29.940632;-1.5468872;33;11,82;3G;RWA
876ad8365ffffff;30.67148;-2.1056366;78;16,97;3G;RWA
876ad8415ffffff;29.789684;-2.4443712;88;11,42;2G;RWA
876adc261ffffff;30.226316;-1.2608409;20;37,48;3G;RWA
876ad8191ffffff;29.980059;-2.1918838;29;18,18;2G;RWA
876ad8c10ffffff;29.715069;-2.0376596;53;4,54;2G;RWA
876ade684ffffff;28.971842;-2.6453142;80;18,21;2G;RWA
876ad8025ffffff;30.175077;-2.080871;81;22,99;3G;RWA
876adeae4ffffff;29.413918;-1.9017991;42;5,26;2G;RWA
876ad8920ffffff;30.024178;-1.5310379;119;4,53;2G;RWA
876ade2cdffffff;29.565752;-2.4129245;49;8,97;3G;RWA
876ad8375ffffff;30.622353;-2.143437;59;11,26;3G;RWA
876ad81b5ffffff;29.96034;-2.11036;185;19,88;2G;RWA
876ad8010ffffff;30.121975;-2.1989949;182;8,96;2G;RWA
876ad841cffffff;29.824207;-2.4662824;81;13,93;3G;RWA
876ade2e6ffffff;29.462282;-2.3471968;39;19,68;3G;RWA
876add48effffff;30.397804;-1.6299707;143;8,92;2G;RWA
876ad85b2ffffff;29.589428;-2.414118;41;9,35;3G;RWA
876ad9d90ffffff;30.707855;-2.0873277;51;20,74;3G;RWA
876ad8826ffffff;30.07635;-1.6740462;55;13,64;2G;RWA
876ad8d41ffffff;29.87764;-1.8648691;53;20,14;3G;RWA
876ad8955ffffff;30.161852;-1.618152;57;13,6;3G;RWA
876ada870ffffff;29.588068;-2.6765237;47;5,28;2G;RWA
876adeb4affffff;29.49297;-1.7450535;54;9,31;2G;RWA
876ada831ffffff;29.445854;-2.6693487;127;9,51;3G;RWA
876ad8906ffffff;30.00945;-1.590448;116;6,89;2G;RWA
876ade6a4ffffff;28.963196;-2.5842648;98;11,96;2G;RWA
876adc288ffffff;30.015312;-1.4704692;77;10,35;2G;RWA
876ade343ffffff;29.51983;-2.1485922;85;25,34;2G;RWA
876ad8c19ffffff;29.796814;-2.0618942;151;2,6;2G;RWA
876ad8dabffffff;29.658993;-1.9744872;51;5,19;2G;RWA
876ad8933ffffff;29.985857;-1.5892627;65;9,05;2G;RWA
876ad8adcffffff;30.589687;-2.0814486;60;12,96;2G;RWA
876ad8526ffffff;29.717861;-2.2189956;67;6,92;2G;RWA
876adc449ffffff;29.543633;-1.4467219;63;9,06;2G;RWA
876adc74bffffff;29.861029;-1.4827513;52;18,6;2G;RWA
876adc4c5ffffff;29.385199;-1.5389465;144;15,53;3G;RWA
876ad836dffffff;30.729649;-2.1286483;54;18,77;3G;RWA
876ad8cceffffff;29.874609;-2.1664534;98;11,4;2G;RWA
876adc78effffff;29.57192;-1.5884824;59;11,82;2G;RWA
876addc13ffffff;30.351704;-1.1072006;21;49,6;3G;RWA
876adc795ffffff;29.501127;-1.5849106;123;9,3;2G;RWA
876adeae6ffffff;29.401073;-1.9212551;50;4,54;2G;RWA
876ad822affffff;30.614916;-2.3041549;43;4,48;2G;RWA
876add4ebffffff;30.58841;-1.5993947;9;21,51;2G;RWA
876ade359ffffff;29.541447;-2.1899626;46;24,99;2G;RWA
876adc6cdffffff;29.849148;-1.7228434;73;6,82;2G;RWA
876ad8242ffffff;30.731348;-2.350234;12;15,96;2G;RWA
876ad8034ffffff;30.102211;-2.1174724;50;18,11;2G;RWA
876adc26bffffff;30.27153;-1.3031228;49;31,06;3G;RWA
876ad8c5effffff;29.915024;-2.0678344;110;14,65;2G;RWA
876ade31bffffff;29.362999;-2.2010942;77;16,44;3G;RWA
876ad8c0dffffff;29.835257;-2.003471;62;10,38;2G;RWA
876add525ffffff;30.380405;-1.2485684;28;33,63;3G;RWA
876ade305ffffff;29.356339;-2.1000648;58;21,36;2G;RWA
876ad9cb1ffffff;30.798727;-2.172326;38;22,66;3G;RWA
876ad85aaffffff;29.696981;-2.3993638;57;5,2;3G;RWA
876ad8a71ffffff;30.646223;-1.8832387;16;18,94;2G;RWA
876ad8b22ffffff;30.417622;-1.711207;112;18,04;2G;RWA
876ad8b0bffffff;30.50828;-1.7960262;156;13,65;3G;RWA
876ad8159ffffff;30.293278;-2.0867825;122;21,29;2G;RWA
876ada96bffffff;29.63071;-2.5372837;85;9,1;2G;RWA
876ad8419ffffff;29.858736;-2.4881952;131;16,33;3G;RWA
876addcc2ffffff;30.452955;-1.2122113;43;38,03;3G;RWA
876ade350ffffff;29.459679;-2.1656942;18;27,84;3G;RWA
876adeac2ffffff;29.420595;-2.0026896;68;12,97;2G;RWA
876ad8a70ffffff;30.622608;-1.882062;22;16,39;2G;RWA
876ad8324ffffff;30.482388;-2.0962214;77;10,4;2G;RWA
876adeaadffffff;29.330185;-1.9176713;89;2,59;3G;RWA
876ad8430ffffff;29.768007;-2.4029365;101;6,85;2G;RWA
876ad8501ffffff;29.774008;-2.2822683;167;2,6;2G;RWA
876ad8971ffffff;30.163782;-1.5781413;30;12,04;3G;RWA
876ad8af0ffffff;30.533407;-2.0183067;34;12,99;2G;RWA
876ad8008ffffff;30.229372;-2.1842303;6;16,29;2G;RWA
876adea6dffffff;29.585396;-1.7898841;60;14,4;3G;RWA
876ad834cffffff;30.715067;-2.1883004;10;13,6;3G;RWA
876ade360ffffff;29.500265;-2.0670784;49;21,33;2G;RWA
876ad8d99ffffff;29.631319;-2.053563;41;12,06;2G;RWA
876ad8235ffffff;30.533056;-2.279938;54;9,07;2G;RWA
876ad8c54ffffff;29.86972;-2.0253189;78;11,4;2G;RWA
876ade04dffffff;29.248886;-2.1147602;16;13,7;2G;RWA
876ad8434ffffff;29.757172;-2.3822231;77;4,48;2G;RWA
876ad88f4ffffff;30.1158;-1.8366406;62;29,49;2G;RWA
876ade38cffffff;29.300743;-2.2583933;21;9,49;3G;RWA
876ad8b52ffffff;30.542759;-1.8178264;30;12,94;3G;RWA
876ade449ffffff;28.913609;-2.4000583;220;11,3;3G;RWA
876ad8c5cffffff;29.92783;-2.048356;78;16,42;3G;RWA
876adc709ffffff;29.708721;-1.4550449;76;9,37;2G;RWA
876ad8b0dffffff;30.510155;-1.7559698;69;18,05;3G;RWA
876adc79dffffff;29.559107;-1.6078954;76;11,38;3G;RWA
876ad8346ffffff;30.644136;-2.1847756;56;7,78;3G;RWA
876ade245ffffff;29.597546;-2.253232;38;18,32;3G;RWA
876ade604ffffff;29.062206;-2.508524;81;6,86;3G;RWA
876adeb4cffffff;29.49501;-1.7050006;47;5,18;3G;RWA
876ad9d12ffffff;30.784245;-1.9704819;8;34,51;3G;RWA
876ada966ffffff;29.537996;-2.4922378;138;2,64;2G;RWA
876adc6a1ffffff;29.627888;-1.6514909;92;11,38;3G;RWA
876ad8c70ffffff;29.871702;-1.9851896;53;14,49;2G;RWA
876ad9da4ffffff;30.737003;-1.9681326;0;29,3;3G;RWA
876adc64dffffff;29.938665;-1.5868914;88;7,76;3G;RWA
876adc66dffffff;29.92982;-1.5262965;45;13,63;3G;RWA
876ad8218ffffff;30.58753;-2.383404;47;13,69;3G;RWA
876ad8962ffffff;30.17654;-1.5587319;28;13,14;3G;RWA
876ad8a2cffffff;30.553629;-1.8384507;22;11,9;2G;RWA
876ad814dffffff;30.331596;-2.028346;82;13,79;2G;RWA
876ad8d5dffffff;29.875662;-1.9049646;59;22,13;3G;RWA
876ade259ffffff;29.617157;-2.3348463;27;12,07;3G;RWA
876adc2e6ffffff;30.089943;-1.3940946;29;18,01;3G;RWA
876ad8b48ffffff;30.662653;-1.7836517;2;25,13;2G;RWA
876ad852cffffff;29.788834;-2.2225657;161;0;2G;RWA
876ad8352ffffff;30.60588;-2.2432768;37;0;2G;RWA
876ade624ffffff;29.053543;-2.44753;55;0;2G;RWA
876ada960ffffff;29.561682;-2.4934323;88;0;2G;RWA
876ad8505ffffff;29.763176;-2.2615714;112;0;2G;RWA
876ad822cffffff;30.616776;-2.2639587;145;0;2G;RWA
876ada82bffffff;29.540663;-2.6741338;6;0;2G;RWA
876adeb02ffffff;29.269691;-1.7136904;333;0;2G;RWA
876adc603ffffff;29.713507;-1.5956187;76;0;2G;RWA
876ade3b3ffffff;29.206095;-2.2536;46;0;2G;RWA
876ad8a15ffffff;30.479034;-1.9150851;103;0;2G;RWA
876adeb6effffff;29.473446;-1.6637676;57;0;2G;RWA
876ad8081ffffff;30.10529;-2.2988877;49;0;2G;RWA
876ad8cadffffff;29.736706;-2.0789948;222;0;2G;RWA
876ad8c1bffffff;29.783995;-2.081374;262;0;2G;RWA
876ad84a6ffffff;29.70379;-2.50059;84;0;2G;RWA
876ade70bffffff;29.06644;-2.4280062;80;0;2G;RWA
876adc71bffffff;29.646742;-1.5120469;524;0;2G;RWA
876add4acffffff;30.401585;-1.5499609;32;0;2G;RWA
876ad80aaffffff;30.118092;-2.2793772;48;0;2G;RWA
876adc65affffff;29.863922;-1.6633749;58;0;2G;RWA
876ad89a6ffffff;29.911129;-1.6657484;82;0;2G;RWA
876adea1effffff;29.343033;-1.8982162;111;0;2G;RWA
876ad8c1effffff;29.749529;-2.0595157;177;0;2G;RWA
876ada828ffffff;29.529833;-2.653381;22;0;2G;RWA
876adc71effffff;29.612366;-1.4902693;220;0;2G;RWA
876ade784ffffff;28.89641;-2.5000896;142;0;2G;RWA
876ad8483ffffff;29.74715;-2.5835261;187;0;2G;RWA
876adc659ffffff;29.900314;-1.64514;93;0;2G;RWA
876ad8dacffffff;29.637377;-1.9331797;84;0;2G;RWA
876ad852effffff;29.776007;-2.2420673;207;0;2G;RWA
876ade3b1ffffff;29.218971;-2.2341;83;0;2G;RWA
876adea18ffffff;29.366661;-1.8994108;105;0;2G;RWA
876adc65bffffff;29.887526;-1.6645617;87;0;2G;RWA
876ad808cffffff;30.128952;-2.3000717;65;0;2G;RWA
876ad8301ffffff;30.525915;-2.1788929;138;0;2G;RWA
876ad892effffff;30.058588;-1.5528129;136;0;2G;RWA
876ad8d12ffffff;29.626572;-1.9125303;92;0;2G;RWA
876ad89b5ffffff;29.89834;-1.685173;76;0;2G;RWA
876ad8518ffffff;29.759174;-2.341995;282;0;2G;RWA
876adeb63ffffff;29.44984;-1.6625756;17;0;2G;RWA
876ad8aa5ffffff;30.429905;-1.9528288;381;0;2G;RWA
876ad85adffffff;29.722666;-2.3603218;111;0;2G;RWA
