OBJECTNAME;LON;LAT;RB;DTF;COV;REGION;POC;POCLON;POCLAT
856a5803fffffff;34.42781;4.32594;2142;16.32326257;2G;856a5803fffffff;856a5803fffffff;34.42781;4.32594
856a580bfffffff;34.34362;4.19827;5090.4;0;2G;856a580bfffffff;856a580bfffffff;34.34362;4.19827
856a580ffffffff;34.50364;4.18926;2482.5;16.94560807;2G;856a580ffffffff;856a580ffffffff;34.50364;4.18926
856a581bfffffff;34.26785;4.33496;3652.8;17.6424931;2G;856a581bfffffff;856a581bfffffff;34.26785;4.33496
856a5847fffffff;34.25932;4.07039;501.3;17.68941336;2G;856a5847fffffff;856a5847fffffff;34.25932;4.07039
856a5857fffffff;34.18353;4.20726;102.3;18.75617139;2G;856a5857fffffff;856a5857fffffff;34.18353;4.20726
856a5873fffffff;34.41946;4.06141;1573.2;17.12167321;2G;856a5873fffffff;856a5873fffffff;34.41946;4.06141
856a5b27fffffff;35.51697;3.20075;739.5;11.77602009;2G;856a5b27fffffff;856a5b27fffffff;35.51697;3.20075
856a5b2ffffffff;35.43331;3.07173;2819.1;18.57066712;2G;856a5b2ffffffff;856a5b2ffffffff;35.43331;3.07173
857a4003fffffff;37.70189;0.38021;799.2;13.13583521;2G;857a4003fffffff;857a4003fffffff;37.70189;0.38021
857a4007fffffff;37.54142;0.38853;6846.3;0;2G;857a4007fffffff;857a4007fffffff;37.54142;0.38853
857a400ffffffff;37.62405;0.52064;192.3;17.838157849999998;2G;857a400ffffffff;857a400ffffffff;37.62405;0.52064
857a4017fffffff;37.61929;0.24794;23.4;13.40711194;2G;857a4017fffffff;857a4017fffffff;37.61929;0.24794
857a4083fffffff;37.7752;-0.03356;10235.4;18.187720109999997;2G;857a4083fffffff;857a4083fffffff;37.7752;-0.03356
857a4087fffffff;37.61451;-0.02539;3357.3;9.58528119;2G;857a4087fffffff;857a4087fffffff;37.61451;-0.02539
857a408ffffffff;37.69722;0.10725;0;0;2G;857a408ffffffff;857a408ffffffff;37.69722;0.10725
857a4097fffffff;37.69253;-0.16635;35.1;18.507170170000002;2G;857a4097fffffff;857a4097fffffff;37.69253;-0.16635
857a40a3fffffff;37.37578;0.12369;549.3;0;2G;857a40a3fffffff;857a40a3fffffff;37.37578;0.12369
857a40abfffffff;37.45866;0.25621;870.3;17.25790036;2G;857a40abfffffff;857a40abfffffff;37.45866;0.25621
857a40b3fffffff;37.4537;-0.01722;27.9;13.41632676;2G;857a40b3fffffff;857a40b3fffffff;37.4537;-0.01722
857a40b7fffffff;37.29277;-0.00903;3648.6;19.873057329999998;2G;857a40b7fffffff;857a40b7fffffff;37.29277;-0.00903
857a40bbfffffff;37.53656;0.11547;0;11.62899834;2G;857a40bbfffffff;857a40bbfffffff;37.53656;0.11547
857a4187fffffff;36.48634;0.03196;949.8;13.12070577;2G;857a4187fffffff;857a4187fffffff;36.48634;0.03196
857a41b3fffffff;36.32472;0.04018;952.2;0;2G;857a41b3fffffff;857a41b3fffffff;36.32472;0.04018
857a41bbfffffff;36.40863;0.17315;50.1;15.28365382;2G;857a41bbfffffff;857a41bbfffffff;36.40863;0.17315
857a41d3fffffff;37.05386;0.14016;1676.7;13.414728069999999;2G;857a41d3fffffff;857a41d3fffffff;37.05386;0.14016
857a4427fffffff;37.68783;-0.44057;932.7;13.2565314;2G;857a4427fffffff;857a4427fffffff;37.68783;-0.44057
857a442ffffffff;37.7706;-0.30742;4746;13.83732992;2G;857a442ffffffff;857a442ffffffff;37.7706;-0.30742
857a4487fffffff;38.16184;-1.01424;8102.7;14.78529444;2G;857a4487fffffff;857a4487fffffff;38.16184;-1.01424
857a44a3fffffff;37.92249;-0.86484;4942.5;16.912354660000002;2G;857a44a3fffffff;857a44a3fffffff;37.92249;-0.86484
857a44b3fffffff;38.00083;-1.00645;2733;11.13631504;2G;857a44b3fffffff;857a44b3fffffff;38.00083;-1.00645
857a44bbfffffff;38.08348;-0.87268;5000.4;0;2G;857a44bbfffffff;857a44bbfffffff;38.08348;-0.87268
857a4503fffffff;37.12101;-0.54995;0;17.57257577;2G;857a4503fffffff;857a4503fffffff;37.12101;-0.54995
857a4507fffffff;36.95947;-0.54194;0;13.8673088;2G;857a4507fffffff;857a4507fffffff;36.95947;-0.54194
857a450bfffffff;37.20438;-0.41647;3887.4;10.695926069999999;2G;857a450bfffffff;857a450bfffffff;37.20438;-0.41647
857a450ffffffff;37.04298;-0.40842;0;10.28350458;2G;857a450ffffffff;857a450ffffffff;37.04298;-0.40842
857a4513fffffff;37.1991;-0.69159;0;0;2G;857a4513fffffff;857a4513fffffff;37.1991;-0.69159
857a4517fffffff;37.03752;-0.68363;0;13.79986114;2G;857a4517fffffff;857a4517fffffff;37.03752;-0.68363
857a451bfffffff;37.28244;-0.55796;0;0;2G;857a451bfffffff;857a451bfffffff;37.28244;-0.55796
857a453bfffffff;36.88147;-0.40035;930.3;0;2G;857a453bfffffff;857a453bfffffff;36.88147;-0.40035
857a4553fffffff;37.5268;-0.43255;2418.6;13.28775671;2G;857a4553fffffff;857a4553fffffff;37.5268;-0.43255
857a4557fffffff;37.36565;-0.42451;8267.7;13.1303109;2G;857a4557fffffff;857a4557fffffff;37.36565;-0.42451
857a455bfffffff;37.60973;-0.29935;10841.4;0;2G;857a455bfffffff;857a455bfffffff;37.60973;-0.29935
857a4563fffffff;37.04842;-0.13382;1734.9;17.164983420000002;2G;857a4563fffffff;857a4563fffffff;37.04842;-0.13382
857a456bfffffff;37.13171;-8.5e-4;3996.9;0;2G;857a456bfffffff;857a456bfffffff;37.13171;-8.5e-4
857a456ffffffff;36.97054;0.00735;32.4;11.12386015;2G;857a456ffffffff;857a456ffffffff;36.97054;0.00735
857a4577fffffff;36.96501;-0.26699;0;16.64812173;2G;857a4577fffffff;857a4577fffffff;36.96501;-0.26699
857a4583fffffff;37.19382;-0.96732;5285.4;0;2G;857a4583fffffff;857a4583fffffff;37.19382;-0.96732
857a4587fffffff;37.03205;-0.95945;0;10.544436659999999;2G;857a4587fffffff;857a4587fffffff;37.03205;-0.95945
857a458bfffffff;37.27726;-0.83333;996;0;2G;857a458bfffffff;857a458bfffffff;37.27726;-0.83333
857a458ffffffff;37.11564;-0.82542;325.5;10.088272810000001;2G;857a458ffffffff;857a458ffffffff;37.11564;-0.82542
857a4593fffffff;37.27206;-1.10931;0;0;2G;857a4593fffffff;857a4593fffffff;37.27206;-1.10931
857a4597fffffff;37.11026;-1.10149;792;0;2G;857a4597fffffff;857a4597fffffff;37.11026;-1.10149
857a459bfffffff;37.35547;-0.97517;3027;15.57133023;2G;857a459bfffffff;857a459bfffffff;37.35547;-0.97517
857a45a7fffffff;36.63008;-0.80162;2680.8;18.02407289;2G;857a45a7fffffff;857a45a7fffffff;36.63008;-0.80162
857a45b7fffffff;36.70816;-0.94367;2205.9;10.443021049999999;2G;857a45b7fffffff;857a45b7fffffff;36.70816;-0.94367
857a45c7fffffff;37.36057;-0.69954;1395;15.76966114;2G;857a45c7fffffff;857a45c7fffffff;37.36057;-0.69954
857a45cbfffffff;37.60493;-0.57393;222.9;18.22909893;2G;857a45cbfffffff;857a45cbfffffff;37.60493;-0.57393
857a45cffffffff;37.44375;-0.56595;61.2;0;2G;857a45cffffffff;857a45cffffffff;37.44375;-0.56595
857a4883fffffff;34.97437;1.06861;353.1;0;2G;857a4883fffffff;857a4883fffffff;34.97437;1.06861
857a4893fffffff;35.05141;0.92797;302.7;12.3660732;2G;857a4893fffffff;857a4893fffffff;35.05141;0.92797
857a4897fffffff;34.88949;0.93641;17831.4;15.44170911;2G;857a4897fffffff;857a4897fffffff;34.88949;0.93641
857a489bfffffff;35.13616;1.06014;79.8;16.063102360000002;2G;857a489bfffffff;857a489bfffffff;35.13616;1.06014
857a4c03fffffff;35.44492;0.49689;6227.1;19.47091811;2G;857a4c03fffffff;857a4c03fffffff;35.44492;0.49689
857a4c07fffffff;35.28294;0.50524;0;0;2G;857a4c07fffffff;857a4c07fffffff;35.28294;0.50524
857a4c0ffffffff;35.36763;0.6379;2191.8;16.86781231;2G;857a4c0ffffffff;857a4c0ffffffff;35.36763;0.6379
857a4c17fffffff;35.36025;0.36406;0;19.749572540000003;2G;857a4c17fffffff;857a4c17fffffff;35.36025;0.36406
857a4c23fffffff;35.04367;0.65466;2571.9;0;2G;857a4c23fffffff;857a4c23fffffff;35.04367;0.65466
857a4c27fffffff;34.88157;0.66304;1284;14.79015808;2G;857a4c27fffffff;857a4c27fffffff;34.88157;0.66304
857a4c2bfffffff;35.12852;0.78719;3101.7;19.088932550000003;2G;857a4c2bfffffff;857a4c2bfffffff;35.12852;0.78719
857a4c2ffffffff;34.96655;0.7956;199.2;19.01723524;2G;857a4c2ffffffff;857a4c2ffffffff;34.96655;0.7956
857a4c33fffffff;35.12087;0.51358;8520.3;16.739322899999998;2G;857a4c33fffffff;857a4c33fffffff;35.12087;0.51358
857a4c37fffffff;34.95871;0.52193;23891.4;15.8860613;2G;857a4c37fffffff;857a4c37fffffff;34.95871;0.52193
857a4c3bfffffff;35.2057;0.64628;390;15.80709057;2G;857a4c3bfffffff;857a4c3bfffffff;35.2057;0.64628
857a4c87fffffff;35.35285;0.08958;5018.7;10.76557057;2G;857a4c87fffffff;857a4c87fffffff;35.35285;0.08958
857a4c8ffffffff;35.43763;0.22276;1046.7;8.95075281;2G;857a4c8ffffffff;857a4c8ffffffff;35.43763;0.22276
857a4c93fffffff;35.59258;-0.06022;151.8;0;2G;857a4c93fffffff;857a4c93fffffff;35.59258;-0.06022
857a4cabfffffff;35.19813;0.37238;405;18.30584424;2G;857a4cabfffffff;857a4cabfffffff;35.19813;0.37238
857a4cbbfffffff;35.27546;0.23104;0;11.29024403;2G;857a4cbbfffffff;857a4cbbfffffff;35.27546;0.23104
857a4d03fffffff;34.30925;0.55532;732.3;9.67450388;2G;857a4d03fffffff;857a4d03fffffff;34.30925;0.55532
857a4d07fffffff;34.14669;0.56366;3216.9;11.963987170000001;2G;857a4d07fffffff;857a4d07fffffff;34.14669;0.56366
857a4d0bfffffff;34.39475;0.68816;6499.5;15.27547745;2G;857a4d0bfffffff;857a4d0bfffffff;34.39475;0.68816
857a4d0ffffffff;34.23233;0.69653;4315.2;0;2G;857a4d0ffffffff;857a4d0ffffffff;34.23233;0.69653
857a4d13fffffff;34.38624;0.41396;0;12.974988419999999;2G;857a4d13fffffff;857a4d13fffffff;34.38624;0.41396
857a4d17fffffff;34.22363;0.42228;3124.8;15.883288570000001;2G;857a4d17fffffff;857a4d17fffffff;34.22363;0.42228
857a4d1bfffffff;34.47173;0.54697;0;10.28586638;2G;857a4d1bfffffff;857a4d1bfffffff;34.47173;0.54697
857a4d53fffffff;34.71938;0.67141;0;8.75364087;2G;857a4d53fffffff;857a4d53fffffff;34.71938;0.67141
857a4d57fffffff;34.5571;0.67979;0;12.24663488;2G;857a4d57fffffff;857a4d57fffffff;34.5571;0.67979
857a4d8bfffffff;34.46331;0.27247;0;0;2G;857a4d8bfffffff;857a4d8bfffffff;34.46331;0.27247
857a4d93fffffff;34.45486;-0.00267;495.6;13.46696041;2G;857a4d93fffffff;857a4d93fffffff;34.45486;-0.00267
857a4d9bfffffff;34.54044;0.13085;0;11.14273608;2G;857a4d9bfffffff;857a4d9bfffffff;34.54044;0.13085
857a4dabfffffff;34.06094;0.4306;13917.6;0;2G;857a4dabfffffff;857a4dabfffffff;34.06094;0.4306
857a4dc3fffffff;34.71124;0.39732;1038.9;13.377006680000001;2G;857a4dc3fffffff;857a4dc3fffffff;34.71124;0.39732
857a4dc7fffffff;34.54878;0.40564;0;11.16465784;2G;857a4dc7fffffff;857a4dc7fffffff;34.54878;0.40564
857a4dcbfffffff;34.79646;0.53028;5468.4;9.143876200000001;2G;857a4dcbfffffff;857a4dcbfffffff;34.79646;0.53028
857a4dcffffffff;34.63414;0.53862;3063.9;8.83066883;2G;857a4dcffffffff;857a4dcffffffff;34.63414;0.53862
857a4dd3fffffff;34.78841;0.25589;0;0;2G;857a4dd3fffffff;857a4dd3fffffff;34.78841;0.25589
857a4dd7fffffff;34.6259;0.26418;0;13.06779225;2G;857a4dd7fffffff;857a4dd7fffffff;34.6259;0.26418
857a4ddbfffffff;34.87362;0.38901;15052.5;18.98365394;2G;857a4ddbfffffff;857a4ddbfffffff;34.87362;0.38901
857a5083fffffff;40.02429;1.74093;34406.4;0;2G;857a5083fffffff;857a5083fffffff;40.02429;1.74093
857a508bfffffff;40.10388;1.87005;2708.1;14.82178519;2G;857a508bfffffff;857a508bfffffff;40.10388;1.87005
857a508ffffffff;39.94663;1.87904;3999.6;18.404635340000002;2G;857a508ffffffff;857a508ffffffff;39.94663;1.87904
857a5093fffffff;40.10199;1.60271;4222.2;17.12291831;2G;857a5093fffffff;857a5093fffffff;40.10199;1.60271
857a5097fffffff;39.94456;1.61157;4273.2;19.01971976;2G;857a5097fffffff;857a5097fffffff;39.94456;1.61157
857a509bfffffff;40.18155;1.732;7133.7;14.88340019;2G;857a509bfffffff;857a509bfffffff;40.18155;1.732
857a532bfffffff;39.09573;3.39032;1088.4;16.466119279999997;2G;857a532bfffffff;857a532bfffffff;39.09573;3.39032
857a532ffffffff;38.9385;3.39985;466.2;17.29058568;2G;857a532ffffffff;857a532ffffffff;38.9385;3.39985
857a5367fffffff;39.17576;3.51734;3731.7;15.980204610000001;2G;857a5367fffffff;857a5367fffffff;39.17576;3.51734
857a5513fffffff;39.46611;1.10046;5363.7;9.50979061;2G;857a5513fffffff;857a5513fffffff;39.46611;1.10046
857a558bfffffff;39.54398;0.96135;9323.1;9.32761823;2G;857a558bfffffff;857a558bfffffff;39.54398;0.96135
857a558ffffffff;39.38556;0.96991;211.8;11.62553883;2G;857a558ffffffff;857a558ffffffff;39.38556;0.96991
857a55c7fffffff;39.62436;1.09184;4437.6;18.17071189;2G;857a55c7fffffff;857a55c7fffffff;39.62436;1.09184
857a59a3fffffff;35.75356;3.05378;1090.8;19.702342769999998;2G;857a59a3fffffff;857a59a3fffffff;35.75356;3.05378
857a59a7fffffff;35.59348;3.06277;6531.6;0;2G;857a59a7fffffff;857a59a7fffffff;35.59348;3.06277
857a59affffffff;35.677;3.19174;2191.2;12.04217175;2G;857a59affffffff;857a59affffffff;35.677;3.19174
857a5c1bfffffff;37.89338;2.26347;929.4;12.55221525;2G;857a5c1bfffffff;857a5c1bfffffff;37.89338;2.26347
857a5c53fffffff;38.13379;2.38372;733.2;17.62232696;2G;857a5c53fffffff;857a5c53fffffff;38.13379;2.38372
857a5c57fffffff;37.97501;2.39277;3887.7;0;2G;857a5c57fffffff;857a5c57fffffff;37.97501;2.39277
857a5ccffffffff;38.0523;2.25447;3223.8;11.32087405;2G;857a5ccffffffff;857a5ccffffffff;38.0523;2.25447
857a6003fffffff;38.21978;-2.5412;5433;17.30611502;2G;857a6003fffffff;857a6003fffffff;38.21978;-2.5412
857a6013fffffff;38.29871;-2.68403;834.9;14.80711922;2G;857a6013fffffff;857a6013fffffff;38.29871;-2.68403
857a6017fffffff;38.1367;-2.67692;435.9;0;2G;857a6017fffffff;857a6017fffffff;38.1367;-2.67692
857a608ffffffff;38.21566;-2.81989;20.1;15.611170029999998;2G;857a608ffffffff;857a608ffffffff;38.21566;-2.81989
857a60bbfffffff;38.05349;-2.81282;497.7;18.59482894;2G;857a60bbfffffff;857a60bbfffffff;38.05349;-2.81282
857a6107fffffff;36.92028;-2.48306;2189.4;14.5614812;2G;857a6107fffffff;857a6107fffffff;36.92028;-2.48306
857a6133fffffff;36.75729;-2.47567;2329.8;9.59052644;2G;857a6133fffffff;857a6133fffffff;36.75729;-2.47567
857a614bfffffff;37.49726;-2.09094;980.1;0;2G;857a614bfffffff;857a614bfffffff;37.49726;-2.09094
857a614ffffffff;37.33498;-2.08349;2466.9;19.3629234;2G;857a614ffffffff;857a614ffffffff;37.33498;-2.08349
857a616ffffffff;36.93154;-1.92563;4022.4;18.139874029999998;2G;857a616ffffffff;857a616ffffffff;36.93154;-1.92563
857a61abfffffff;36.83593;-2.61908;429.9;8.6190973;2G;857a61abfffffff;857a61abfffffff;36.83593;-2.61908
857a6323fffffff;37.26686;-1.38587;372.6;14.19639217;2G;857a6323fffffff;857a6323fffffff;37.26686;-1.38587
857a6327fffffff;37.10486;-1.37815;1665.9;17.131700560000002;2G;857a6327fffffff;857a6327fffffff;37.10486;-1.37815
857a632bfffffff;37.35037;-1.25139;8136.9;0;2G;857a632bfffffff;857a632bfffffff;37.35037;-1.25139
857a632ffffffff;37.18853;-1.24363;269.7;14.82208625;2G;857a632ffffffff;857a632ffffffff;37.18853;-1.24363
857a6333fffffff;37.34525;-1.52819;0;9.10537375;2G;857a6333fffffff;857a6333fffffff;37.34525;-1.52819
857a6337fffffff;37.18322;-1.52053;417.6;9.0851111;2G;857a6337fffffff;857a6337fffffff;37.18322;-1.52053
857a633bfffffff;37.42873;-1.39357;189;18.7442833;2G;857a633bfffffff;857a633bfffffff;37.42873;-1.39357
857a6343fffffff;37.99648;-1.28227;8029.2;8.70563205;2G;857a6343fffffff;857a6343fffffff;37.99648;-1.28227
857a6353fffffff;38.07496;-1.42421;978.6;10.303372999999999;2G;857a6353fffffff;857a6353fffffff;38.07496;-1.42421
857a6357fffffff;37.9136;-1.41657;1073.1;12.17690719;2G;857a6357fffffff;857a6357fffffff;37.9136;-1.41657
857a635bfffffff;38.15768;-1.28995;5125.5;18.41295748;2G;857a635bfffffff;857a635bfffffff;38.15768;-1.28995
857a6363fffffff;37.59531;-1.12489;140.4;0;2G;857a6363fffffff;857a6363fffffff;37.59531;-1.12489
857a636bfffffff;37.67841;-0.99084;802.5;12.149251329999998;2G;857a636bfffffff;857a636bfffffff;37.67841;-0.99084
857a6373fffffff;37.67368;-1.26686;5401.2;18.73620868;2G;857a6373fffffff;857a6373fffffff;37.67368;-1.26686
857a637bfffffff;37.75674;-1.13266;816.3;11.85353859;2G;857a637bfffffff;857a637bfffffff;37.75674;-1.13266
857a6387fffffff;37.58079;-1.95569;179.1;12.680477810000001;2G;857a6387fffffff;857a6387fffffff;37.58079;-1.95569
857a6397fffffff;37.65942;-2.09836;1136.4;18.491962630000003;2G;857a6397fffffff;857a6397fffffff;37.65942;-2.09836
857a63affffffff;37.26164;-1.663;50.4;16.45526397;2G;857a63affffffff;857a63affffffff;37.26164;-1.663
857a63b3fffffff;37.41866;-1.94821;18;13.874094359999999;2G;857a63b3fffffff;857a63b3fffffff;37.41866;-1.94821
857a6407fffffff;38.61132;-3.53563;2739;18.8316765;2G;857a6407fffffff;857a6407fffffff;38.61132;-3.53563
857a640ffffffff;38.69421;-3.39911;78;13.97232648;2G;857a640ffffffff;857a640ffffffff;38.69421;-3.39911
857a642bfffffff;38.45288;-3.24916;595.5;18.78487402;2G;857a642bfffffff;857a642bfffffff;38.45288;-3.24916
857a643bfffffff;38.53207;-3.39237;886.2;0;2G;857a643bfffffff;857a643bfffffff;38.53207;-3.39237
857a6477fffffff;38.61499;-3.25598;58.5;13.481134019999999;2G;857a6477fffffff;857a6477fffffff;38.61499;-3.25598
857a6843fffffff;35.72685;-1.17312;142.8;18.79540946;2G;857a6843fffffff;857a6843fffffff;35.72685;-1.17312
857a684bfffffff;35.81174;-1.03847;471;0;2G;857a684bfffffff;857a684bfffffff;35.81174;-1.03847
857a685bfffffff;35.88969;-1.18101;159.9;12.479257449999999;2G;857a685bfffffff;857a685bfffffff;35.88969;-1.18101
857a686bfffffff;35.40828;-0.88006;155.4;12.42956846;2G;857a686bfffffff;857a686bfffffff;35.40828;-0.88006
857a686ffffffff;35.24535;-0.87205;14154.3;15.413675569999999;2G;857a686ffffffff;857a686ffffffff;35.24535;-0.87205
857a690bfffffff;34.33477;-1.24449;911.1;15.092932419999999;2G;857a690bfffffff;857a690bfffffff;34.33477;-1.24449
857a6943fffffff;34.58443;-1.11746;6777.9;12.94442547;2G;857a6943fffffff;857a6943fffffff;34.58443;-1.11746
857a6947fffffff;34.42088;-1.10946;9014.4;0;2G;857a6947fffffff;857a6947fffffff;34.42088;-1.10946
857a694ffffffff;34.50688;-0.9746;2165.4;10.73842333;2G;857a694ffffffff;857a694ffffffff;34.50688;-0.9746
857a6957fffffff;34.49844;-1.25248;17161.2;0;2G;857a6957fffffff;857a6957fffffff;34.49844;-1.25248
857a697bfffffff;34.3434;-0.96656;10246.5;18.87755532;2G;857a697bfffffff;857a697bfffffff;34.3434;-0.96656
857a6a0bfffffff;36.07223;-0.35991;0;8.849522279999999;2G;857a6a0bfffffff;857a6a0bfffffff;36.07223;-0.35991
857a6a0ffffffff;35.91007;-0.3518;6090.6;19.699394260000002;2G;857a6a0ffffffff;857a6a0ffffffff;35.91007;-0.3518
857a6a1bfffffff;36.15003;-0.50173;1384.5;18.133883689999998;2G;857a6a1bfffffff;857a6a1bfffffff;36.15003;-0.50173
857a6a27fffffff;35.42299;-0.32741;7015.5;16.11751689;2G;857a6a27fffffff;857a6a27fffffff;35.42299;-0.32741
857a6a2bfffffff;35.67016;-0.20188999999999999;5696.1;10.215205690000001;2G;857a6a2bfffffff;857a6a2bfffffff;35.67016;-0.20188999999999999
857a6a2ffffffff;35.50785;-0.19372;0;17.63567996;2G;857a6a2ffffffff;857a6a2ffffffff;35.50785;-0.19372
857a6a47fffffff;36.15652;-0.22635;0;11.14676114;2G;857a6a47fffffff;857a6a47fffffff;36.15652;-0.22635
857a6a4bfffffff;36.40245;-0.10117;1234.5;16.16230763;2G;857a6a4bfffffff;857a6a4bfffffff;36.40245;-0.10117
857a6a53fffffff;36.39625;-0.37611;0;15.26707113;2G;857a6a53fffffff;857a6a53fffffff;36.39625;-0.37611
857a6a57fffffff;36.23429;-0.36802;5.4;15.56062268;2G;857a6a57fffffff;857a6a57fffffff;36.23429;-0.36802
857a6a67fffffff;35.75476;-0.06842;498;13.26532702;2G;857a6a67fffffff;857a6a67fffffff;35.75476;-0.06842
857a6a73fffffff;35.9945;-0.2182;0;10.99644451;2G;857a6a73fffffff;857a6a73fffffff;35.9945;-0.2182
857a6a87fffffff;35.8965;-0.90401;3440.7;18.95704606;2G;857a6a87fffffff;857a6a87fffffff;35.8965;-0.90401
857a6a97fffffff;35.97443;-1.0464;2449.2;12.8194512;2G;857a6a97fffffff;857a6a97fffffff;35.97443;-1.0464
857a6aa7fffffff;35.49334;-0.74568;13458;16.31830892;2G;857a6aa7fffffff;857a6aa7fffffff;35.49334;-0.74568
857a6ac3fffffff;36.39004;-0.65168;365.4;0;2G;857a6ac3fffffff;857a6ac3fffffff;36.39004;-0.65168
857a6ac7fffffff;36.22789;-0.64366;4847.7;19.907010149999998;2G;857a6ac7fffffff;857a6ac7fffffff;36.22789;-0.64366
857a6acbfffffff;36.47413;-0.51784;2004;18.42898779;2G;857a6acbfffffff;857a6acbfffffff;36.47413;-0.51784
857a6acffffffff;36.31213;-0.50979;1536.6;0;2G;857a6acffffffff;857a6acffffffff;36.31213;-0.50979
857a6ad3fffffff;36.46801;-0.79367;0;9.743967000000001;2G;857a6ad3fffffff;857a6ad3fffffff;36.46801;-0.79367
857a6ad7fffffff;36.30582;-0.7857;216.3;17.00788391;2G;857a6ad7fffffff;857a6ad7fffffff;36.30582;-0.7857
857a6adbfffffff;36.55208;-0.65968;4332;13.79140015;2G;857a6adbfffffff;857a6adbfffffff;36.55208;-0.65968
857a6b03fffffff;34.84967;-0.43692;49.5;19.555120879999997;2G;857a6b03fffffff;857a6b03fffffff;34.84967;-0.43692
857a6b0bfffffff;34.93507;-0.30296;981;12.73350557;2G;857a6b0bfffffff;857a6b0bfffffff;34.93507;-0.30296
857a6b13fffffff;34.92716;-0.57917;738.3;0;2G;857a6b13fffffff;857a6b13fffffff;34.92716;-0.57917
857a6b17fffffff;34.76416;-0.57107;515.7;11.00597876;2G;857a6b17fffffff;857a6b17fffffff;34.76416;-0.57107
857a6b1bfffffff;35.01254;-0.44505;9.6;0;2G;857a6b1bfffffff;857a6b1bfffffff;35.01254;-0.44505
857a6b43fffffff;35.18294;-0.17736;225.3;0;2G;857a6b43fffffff;857a6b43fffffff;35.18294;-0.17736
857a6b47fffffff;35.02035;-0.16918;0;16.04437429;2G;857a6b47fffffff;857a6b47fffffff;35.02035;-0.16918
857a6b4bfffffff;35.26796;-0.0438;1863.3;13.92903241;2G;857a6b4bfffffff;857a6b4bfffffff;35.26796;-0.0438
857a6b4ffffffff;35.10551;-0.03558;186.3;0;2G;857a6b4ffffffff;857a6b4ffffffff;35.10551;-0.03558
857a6b53fffffff;35.26044;-0.31927;473.1;0;2G;857a6b53fffffff;857a6b53fffffff;35.26044;-0.31927
857a6b57fffffff;35.0978;-0.31111;0;12.07594684;2G;857a6b57fffffff;857a6b57fffffff;35.0978;-0.31111
857a6b5bfffffff;35.34544;-0.18554;3348.9;15.958723879999999;2G;857a6b5bfffffff;857a6b5bfffffff;35.34544;-0.18554
857a6b63fffffff;34.78035;-0.01913;2547;9.112344870000001;2G;857a6b63fffffff;857a6b63fffffff;34.78035;-0.01913
857a6b67fffffff;34.61764;-0.0109;0;0;2G;857a6b67fffffff;857a6b67fffffff;34.61764;-0.0109
857a6b6ffffffff;34.70309;0.12259;0;17.7936364;2G;857a6b6ffffffff;857a6b6ffffffff;34.70309;0.12259
857a6b73fffffff;34.85767;-0.16098;0;14.13984198;2G;857a6b73fffffff;857a6b73fffffff;34.85767;-0.16098
857a6b77fffffff;34.69492;-0.15278;16.5;8.8022597;2G;857a6b77fffffff;857a6b77fffffff;34.69492;-0.15278
857a6b87fffffff;34.75603;-0.84796;835.8;19.7736732;2G;857a6b87fffffff;857a6b87fffffff;34.75603;-0.84796
857a6b8bfffffff;35.00471;-0.72155;4091.1;13.76276164;2G;857a6b8bfffffff;857a6b8bfffffff;35.00471;-0.72155
857a6b8ffffffff;34.84166;-0.71348;0;9.26738762;2G;857a6b8ffffffff;857a6b8ffffffff;34.84166;-0.71348
857a6bbbfffffff;34.67852;-0.7054;181.5;10.992445980000001;2G;857a6bbbfffffff;857a6bbbfffffff;34.67852;-0.7054
857a6bc3fffffff;35.2529;-0.59535;0;8.8877067;2G;857a6bc3fffffff;857a6bc3fffffff;35.2529;-0.59535
857a6bc7fffffff;35.09007;-0.58727;4151.4;12.98742563;2G;857a6bc7fffffff;857a6bc7fffffff;35.09007;-0.58727
857a6bcbfffffff;35.33801;-0.46129;3484.5;12.17136127;2G;857a6bcbfffffff;857a6bcbfffffff;35.33801;-0.46129
857a6bcffffffff;35.17532;-0.45317;0;15.46182409;2G;857a6bcffffffff;857a6bcffffffff;35.17532;-0.45317
857a6bd3fffffff;35.33055;-0.73765;0.6;0;2G;857a6bd3fffffff;857a6bd3fffffff;35.33055;-0.73765
857a6bd7fffffff;35.16768;-0.7296;2749.8;9.63562203;2G;857a6bd7fffffff;857a6bd7fffffff;35.16768;-0.7296
857a6e03fffffff;36.53392;-1.4897;896.1;17.768050849999998;2G;857a6e03fffffff;857a6e03fffffff;36.53392;-1.4897
857a6e0bfffffff;36.61818;-1.35489;1045.8;11.30960304;2G;857a6e0bfffffff;857a6e0bfffffff;36.61818;-1.35489
857a6e1bfffffff;36.69642;-1.49744;1308;0;2G;857a6e1bfffffff;857a6e1bfffffff;36.69642;-1.49744
857a6e43fffffff;36.86449;-1.22807;0;0;2G;857a6e43fffffff;857a6e43fffffff;36.86449;-1.22807
857a6e47fffffff;36.7023;-1.22026;0;13.89151403;2G;857a6e47fffffff;857a6e47fffffff;36.7023;-1.22026
857a6e4bfffffff;36.94833;-1.09366;0;16.83035079;2G;857a6e4bfffffff;857a6e4bfffffff;36.94833;-1.09366
857a6e53fffffff;36.94275;-1.37041;0;9.47707557;2G;857a6e53fffffff;857a6e53fffffff;36.94275;-1.37041
857a6e57fffffff;36.78052;-1.36266;0;10.49624764;2G;857a6e57fffffff;857a6e57fffffff;36.78052;-1.36266
857a6e6bfffffff;36.54604;-0.93576;0;0;2G;857a6e6bfffffff;857a6e6bfffffff;36.54604;-0.93576
857a6e7bfffffff;36.62414;-1.07796;0;12.63732512;2G;857a6e7bfffffff;857a6e7bfffffff;36.62414;-1.07796
857a6e8bfffffff;36.69053;-1.77518;1270.5;13.43589448;2G;857a6e8bfffffff;857a6e8bfffffff;36.69053;-1.77518
857a6e9bfffffff;36.76893;-1.91806;1868.7;9.49027225;2G;857a6e9bfffffff;857a6e9bfffffff;36.76893;-1.91806
857a6ec3fffffff;36.93715;-1.64774;1386.6;17.13511814;2G;857a6ec3fffffff;857a6ec3fffffff;36.93715;-1.64774
857a6ec7fffffff;36.77473;-1.64008;340.2;0;2G;857a6ec7fffffff;857a6ec7fffffff;36.77473;-1.64008
857a6ecbfffffff;37.02107;-1.51285;0;8.86801522;2G;857a6ecbfffffff;857a6ecbfffffff;37.02107;-1.51285
857a6ecffffffff;36.8588;-1.50515;0;11.49500758;2G;857a6ecffffffff;857a6ecffffffff;36.8588;-1.50515
857a6ed7fffffff;36.8531;-1.78281;588.3;8.78014934;2G;857a6ed7fffffff;857a6ed7fffffff;36.8531;-1.78281
857a7143fffffff;39.69041;-0.40352;29148.9;0;2G;857a7143fffffff;857a7143fffffff;39.69041;-0.40352
857a7147fffffff;39.53123;-0.39557;1977.9;13.811152889999999;2G;857a7147fffffff;857a7147fffffff;39.53123;-0.39557
857a7153fffffff;39.7688;-0.54395;4417.8;17.32975605;2G;857a7153fffffff;857a7153fffffff;39.7688;-0.54395
857a7157fffffff;39.6096;-0.53606;9814.5;9.45195353;2G;857a7157fffffff;857a7157fffffff;39.6096;-0.53606
857a720ffffffff;40.96085;0.3458;1061.1;0;2G;857a720ffffffff;857a720ffffffff;40.96085;0.3458
857a723bfffffff;40.80351;0.35407;1611;17.08464446;2G;857a723bfffffff;857a723bfffffff;40.80351;0.35407
857a7273fffffff;41.03987;0.47651;107.7;13.09987036;2G;857a7273fffffff;857a7273fffffff;41.03987;0.47651
857a7277fffffff;40.88271;0.48485;3267;12.00667626;2G;857a7277fffffff;857a7277fffffff;40.88271;0.48485
857a73c3fffffff;40.32886;0.10817;16176.9;10.060908869999999;2G;857a73c3fffffff;857a73c3fffffff;40.32886;0.10817
857a73c7fffffff;40.17067;0.11634;2668.5;19.59976997;2G;857a73c7fffffff;857a73c7fffffff;40.17067;0.11634
857a73d3fffffff;40.40711;-0.0315;32043.6;11.40723822;2G;857a73d3fffffff;857a73d3fffffff;40.40711;-0.0315
857a73d7fffffff;40.24892;-0.0234;966.6;8.86344138;2G;857a73d7fffffff;857a73d7fffffff;40.24892;-0.0234
857a7487fffffff;40.95249;-2.10769;849.3;18.068248360000002;2G;857a7487fffffff;857a7487fffffff;40.95249;-2.10769
857a7497fffffff;41.03148;-2.2488;103.2;19.9875808;2G;857a7497fffffff;857a7497fffffff;41.03148;-2.2488
857a74b3fffffff;40.79352;-2.10069;1680.6;16.353320959999998;2G;857a74b3fffffff;857a74b3fffffff;40.79352;-2.10069
857a7503fffffff;39.91936;-1.64824;97.2;19.9660227;2G;857a7503fffffff;857a7503fffffff;39.91936;-1.64824
857a750bfffffff;40.00021;-1.51439;3560.7;0;2G;857a750bfffffff;857a750bfffffff;40.00021;-1.51439
857a751bfffffff;40.07898;-1.65557;3282.6;18.45235866;2G;857a751bfffffff;857a751bfffffff;40.07898;-1.65557
857a7547fffffff;40.08092;-1.38074;1730.7;14.709590039999998;2G;857a7547fffffff;857a7547fffffff;40.08092;-1.38074
857a7557fffffff;40.15965;-1.52178;5273.1;15.64514562;2G;857a7557fffffff;857a7557fffffff;40.15965;-1.52178
857a7573fffffff;39.92149;-1.37327;571.2;17.779169969999998;2G;857a7573fffffff;857a7573fffffff;39.92149;-1.37327
857a7593fffffff;40.07508;-2.2069;1482.6;0;2G;857a7593fffffff;857a7593fffffff;40.07508;-2.2069
857ae023fffffff;41.74528;4.00801;4741.8;15.17931556;2G;857ae023fffffff;857ae023fffffff;41.74528;4.00801
857ae033fffffff;41.82225;3.87306;35015.7;0;2G;857ae033fffffff;857ae033fffffff;41.82225;3.87306
857ae03bfffffff;41.89911;3.99781;6896.7;0;2G;857ae03bfffffff;857ae03bfffffff;41.89911;3.99781
857aed93fffffff;39.01869;3.52693;5679.3;0;2G;857aed93fffffff;857aed93fffffff;39.01869;3.52693
857aed97fffffff;38.86147;3.5365;46.8;18.992370320000003;2G;857aed97fffffff;857aed97fffffff;38.86147;3.5365
857b4a07fffffff;39.16764;-4.53979;1393.5;8.962457700000002;2G;857b4a07fffffff;857b4a07fffffff;39.16764;-4.53979
857b4a17fffffff;39.24733;-4.6834;1033.8;17.91028263;2G;857b4a17fffffff;857b4a17fffffff;39.24733;-4.6834
857b4a33fffffff;39.00518;-4.53366;1427.7;13.64028979;2G;857b4a33fffffff;857b4a33fffffff;39.00518;-4.53366
857b4a43fffffff;39.65652;-4.27748;5472.9;9.983995279999998;2G;857b4a43fffffff;857b4a43fffffff;39.65652;-4.27748
857b4a47fffffff;39.49473;-4.27134;7848.3;0;2G;857b4a47fffffff;857b4a47fffffff;39.49473;-4.27134
857b4a4bfffffff;39.73854;-4.14051;7507.2;11.99205926;2G;857b4a4bfffffff;857b4a4bfffffff;39.73854;-4.14051
857b4a4ffffffff;39.57692;-4.13432;506.7;13.663914160000001;2G;857b4a4ffffffff;857b4a4ffffffff;39.57692;-4.13432
857b4a57fffffff;39.57437;-4.41462;2111.7;13.822378819999999;2G;857b4a57fffffff;857b4a57fffffff;39.57437;-4.41462
857b4a63fffffff;39.25321;-4.12183;2179.5;0;2G;857b4a63fffffff;857b4a63fffffff;39.25321;-4.12183
857b4a6bfffffff;39.33561;-3.98489;3892.5;16.73532268;2G;857b4a6bfffffff;857b4a6bfffffff;39.33561;-3.98489
857b4a73fffffff;39.33278;-4.26516;7956.3;14.41861095;2G;857b4a73fffffff;857b4a73fffffff;39.33278;-4.26516
857b4a7bfffffff;39.41515;-4.1281;325.5;0;2G;857b4a7bfffffff;857b4a7bfffffff;39.41515;-4.1281
857b5903fffffff;39.90434;-3.58798;11832;0;2G;857b5903fffffff;857b5903fffffff;39.90434;-3.58798
857b5907fffffff;39.74326;-3.58156;4010.1;13.08606265;2G;857b5907fffffff;857b5907fffffff;39.74326;-3.58156
857b590ffffffff;39.82495;-3.44536;2852.1;19.07586843;2G;857b590ffffffff;857b590ffffffff;39.82495;-3.44536
857b5917fffffff;39.82269;-3.7243;2215.5;12.64234166;2G;857b5917fffffff;857b5917fffffff;39.82269;-3.7243
857b5947fffffff;40.06723;-3.31588;5306.1;12.028712299999999;2G;857b5947fffffff;857b5947fffffff;40.06723;-3.31588
857b594ffffffff;40.14847;-3.1801;12939.6;0;2G;857b594ffffffff;857b594ffffffff;40.14847;-3.1801
857b597bfffffff;39.98792;-3.17352;8364.6;14.48235567;2G;857b597bfffffff;857b597bfffffff;39.98792;-3.17352
857b5987fffffff;39.82043;-4.00371;7233;17.07276534;2G;857b5987fffffff;857b5987fffffff;39.82043;-4.00371
857b59a3fffffff;39.57947;-3.85448;762.3;12.80954731;2G;857b59a3fffffff;857b59a3fffffff;39.57947;-3.85448
857b59a7fffffff;39.41788;-3.84812;0;0;2G;857b59a7fffffff;857b59a7fffffff;39.41788;-3.84812
857b59affffffff;39.50002;-3.71152;7435.2;16.83481913;2G;857b59affffffff;857b59affffffff;39.50002;-3.71152
857b59b3fffffff;39.65898;-3.99748;5629.5;0;2G;857b59b3fffffff;857b59b3fffffff;39.65898;-3.99748
857b59b7fffffff;39.49738;-3.9912;8101.2;15.01526913;2G;857b59b7fffffff;857b59b7fffffff;39.49738;-3.9912
857b5b2bfffffff;40.15408;-2.34856;3592.8;11.14637496;2G;857b5b2bfffffff;857b5b2bfffffff;40.15408;-2.34856
857b5b2ffffffff;39.99408;-2.34157;11.1;14.366240809999999;2G;857b5b2ffffffff;857b5b2ffffffff;39.99408;-2.34157
857b5b43fffffff;40.7924;-2.37626;2846.1;16.85562636;2G;857b5b43fffffff;857b5b43fffffff;40.7924;-2.37626
857b5b4bfffffff;40.87251;-2.24188;1286.4;0;2G;857b5b4bfffffff;857b5b4bfffffff;40.87251;-2.24188
857b5b4ffffffff;40.71337;-2.23493;771.6;15.45211757;2G;857b5b4ffffffff;857b5b4ffffffff;40.71337;-2.23493
857b5b5bfffffff;40.95155;-2.38312;189.3;19.643430990000002;2G;857b5b5bfffffff;857b5b5bfffffff;40.95155;-2.38312
857b5b67fffffff;40.2349;-2.21394;2144.4;16.1976127;2G;857b5b67fffffff;857b5b67fffffff;40.2349;-2.21394
